-- phpMyAdmin SQL Dump
-- version 5.0.1
-- https://www.phpmyadmin.net/
--
-- Host: 127.0.0.1
-- Generation Time: Jul 24, 2020 at 12:36 PM
-- Server version: 10.4.11-MariaDB
-- PHP Version: 7.4.2

SET SQL_MODE = "NO_AUTO_VALUE_ON_ZERO";
SET AUTOCOMMIT = 0;
START TRANSACTION;
SET time_zone = "+00:00";


/*!40101 SET @OLD_CHARACTER_SET_CLIENT=@@CHARACTER_SET_CLIENT */;
/*!40101 SET @OLD_CHARACTER_SET_RESULTS=@@CHARACTER_SET_RESULTS */;
/*!40101 SET @OLD_COLLATION_CONNECTION=@@COLLATION_CONNECTION */;
/*!40101 SET NAMES utf8mb4 */;

--
-- Database: `dbliloapp`
--

-- --------------------------------------------------------

--
-- Table structure for table `admin`
--

CREATE TABLE `admin` (
  `id` int(9) NOT NULL,
  `name` varchar(200) NOT NULL,
  `email` varchar(200) NOT NULL,
  `password` varchar(200) NOT NULL,
  `super_admin` int(1) NOT NULL DEFAULT 0,
  `is_deleted` int(1) NOT NULL DEFAULT 0,
  `created_at` datetime NOT NULL DEFAULT current_timestamp(),
  `updated_at` datetime NOT NULL DEFAULT '0000-00-00 00:00:00' ON UPDATE current_timestamp(),
  `deleted_at` datetime NOT NULL
) ENGINE=InnoDB DEFAULT CHARSET=utf8;

--
-- Dumping data for table `admin`
--

INSERT INTO `admin` (`id`, `name`, `email`, `password`, `super_admin`, `is_deleted`, `created_at`, `updated_at`, `deleted_at`) VALUES
(1, 'Elline Ocampo', 'edocampo@myoptimind.com', '$2y$10$XqEnkMdX015LsSekTnhxOu9DLSyHVc0n50Cp.V7synSJddfmzJhYe', 1, 0, '2020-06-29 16:42:00', '2020-07-21 09:23:11', '0000-00-00 00:00:00'),
(2, 'Steven Moses', 'foxuja@mailinator.com', '$2y$10$5Maap7GS3ABucg9w5uuoceNESUamL/7yP6C4QhwZczcr0./5aIeSW', 0, 1, '2020-07-20 13:11:42', '2020-07-20 13:12:11', '0000-00-00 00:00:00'),
(3, 'Shaeleigh Pugh', 'todirihyca@mailinator.com', '$2y$10$zSE8pG/uPrBGmsatTbGOS.DBP6ecQusZaXnJboit6S3idBbtDzTv6', 0, 0, '2020-07-20 13:12:28', '2020-07-20 13:33:10', '0000-00-00 00:00:00');

-- --------------------------------------------------------

--
-- Table structure for table `agency`
--

CREATE TABLE `agency` (
  `id` int(11) NOT NULL,
  `name` varchar(300) NOT NULL,
  `is_active` int(1) NOT NULL DEFAULT 1,
  `created_at` datetime NOT NULL DEFAULT current_timestamp(),
  `updated_at` datetime NOT NULL DEFAULT '0000-00-00 00:00:00' ON UPDATE current_timestamp(),
  `deleted_at` datetime NOT NULL
) ENGINE=InnoDB DEFAULT CHARSET=latin1;

--
-- Dumping data for table `agency`
--

INSERT INTO `agency` (`id`, `name`, `is_active`, `created_at`, `updated_at`, `deleted_at`) VALUES
(1, 'DTI', 1, '2020-07-20 16:26:11', '0000-00-00 00:00:00', '0000-00-00 00:00:00'),
(2, 'DOST', 1, '2020-07-20 16:26:19', '0000-00-00 00:00:00', '0000-00-00 00:00:00'),
(3, 'test', 1, '2020-07-24 07:02:46', '0000-00-00 00:00:00', '0000-00-00 00:00:00');

-- --------------------------------------------------------

--
-- Table structure for table `cesbie_visitors`
--

CREATE TABLE `cesbie_visitors` (
  `id` int(11) NOT NULL,
  `staff_id` int(11) NOT NULL,
  `temperature` varchar(300) NOT NULL,
  `place_of_origin` varchar(300) NOT NULL,
  `pin_code` varchar(300) NOT NULL,
  `created_at` datetime NOT NULL DEFAULT current_timestamp(),
  `updated_at` datetime NOT NULL DEFAULT '0000-00-00 00:00:00' ON UPDATE current_timestamp(),
  `deleted_at` datetime NOT NULL
) ENGINE=InnoDB DEFAULT CHARSET=latin1;

--
-- Dumping data for table `cesbie_visitors`
--

INSERT INTO `cesbie_visitors` (`id`, `staff_id`, `temperature`, `place_of_origin`, `pin_code`, `created_at`, `updated_at`, `deleted_at`) VALUES
(1, 1, '37.5', 'San Mateo, Rizal', 'zXc12365gfd1', '2020-07-22 13:50:23', '2020-07-24 09:42:47', '0000-00-00 00:00:00'),
(2, 1, '37.5', 'San Mateo, Rizal', 'zXc12365gfd2', '2020-07-22 13:52:22', '2020-07-24 09:42:50', '0000-00-00 00:00:00'),
(3, 1, '37.5', 'San Mateo, Rizal', 'zXc12365gfd3', '2020-07-22 13:57:43', '2020-07-24 09:42:52', '0000-00-00 00:00:00'),
(4, 1, '37.5', 'San Mateo, Rizal', 'zXc12365gfd4', '2020-07-22 13:58:01', '2020-07-24 09:42:55', '0000-00-00 00:00:00'),
(5, 1, '37.5', 'San Mateo, Rizal', 'zXc12365gfd5', '2020-07-22 13:58:38', '2020-07-24 09:42:57', '0000-00-00 00:00:00'),
(6, 1, '37.5', 'San Mateo, Rizal', 'zXc12365gfd6', '2020-07-22 13:58:56', '2020-07-24 09:42:59', '0000-00-00 00:00:00'),
(7, 1, '37.5', 'San Mateo, Rizal', 'zXc12365gfd7', '2020-07-22 14:00:45', '2020-07-24 09:43:01', '0000-00-00 00:00:00'),
(8, 2, '37.5', 'Marikina City', 'zXc12365gfd8', '2020-07-23 07:27:12', '2020-07-24 09:43:03', '0000-00-00 00:00:00'),
(10, 2, '37.5', 'Marikina City', 'zXc12365gfd10', '2020-07-24 09:39:54', '2020-07-24 09:43:09', '0000-00-00 00:00:00'),
(11, 3, '37.5', 'Marikina City', 'zXc12365gfd11', '2020-07-24 09:39:58', '2020-07-24 09:43:12', '0000-00-00 00:00:00'),
(12, 7, '37.5', 'Marikina City', 'zXc12365gfd12', '2020-07-24 09:40:01', '2020-07-24 09:43:15', '0000-00-00 00:00:00'),
(13, 2, '37.5', 'Abucay, Bataan', 'zXc12365gfd13', '2020-07-24 09:40:16', '2020-07-24 09:43:17', '0000-00-00 00:00:00'),
(14, 8, '37.5', 'Abucay, Bataan', 'zXc12365gfd14', '2020-07-24 09:40:18', '2020-07-24 09:43:21', '0000-00-00 00:00:00');

-- --------------------------------------------------------

--
-- Table structure for table `cities`
--

CREATE TABLE `cities` (
  `id` int(11) NOT NULL,
  `name` varchar(100) NOT NULL,
  `province_of` varchar(100) NOT NULL,
  `is_city` varchar(1) NOT NULL DEFAULT '0'
) ENGINE=InnoDB DEFAULT CHARSET=latin1;

--
-- Dumping data for table `cities`
--

INSERT INTO `cities` (`id`, `name`, `province_of`, `is_city`) VALUES
(1, 'Caloocan', 'MM', '1'),
(2, 'Las Piñas', 'MM', '1'),
(3, 'Makati', 'MM', '1'),
(4, 'Malabon', 'MM', '1'),
(5, 'Mandaluyong', 'MM', '1'),
(6, 'Manila', 'MM', '1'),
(7, 'Marikina', 'MM', '1'),
(8, 'Muntinlupa', 'MM', '1'),
(9, 'Navotas', 'MM', '1'),
(10, 'Parañaque', 'MM', '1'),
(11, 'Pasay', 'MM', '1'),
(12, 'Pasig', 'MM', '1'),
(13, 'Pateros', 'MM', '0'),
(14, 'Quezon', 'MM', '1'),
(15, 'San Juan', 'MM', '1'),
(16, 'Taguig', 'MM', '1'),
(17, 'Valenzuela', 'MM', '1'),
(18, 'Bangued', 'ABR', '0'),
(19, 'Boliney', 'ABR', '0'),
(20, 'Bucay', 'ABR', '0'),
(21, 'Bucloc', 'ABR', '0'),
(22, 'Daguioman', 'ABR', '0'),
(23, 'Danglas', 'ABR', '0'),
(24, 'Dolores', 'ABR', '0'),
(25, 'La Paz', 'ABR', '0'),
(26, 'Lacub', 'ABR', '0'),
(27, 'Lagangilang', 'ABR', '0'),
(28, 'Lagayan', 'ABR', '0'),
(29, 'Langiden', 'ABR', '0'),
(30, 'Licuan-Baay', 'ABR', '0'),
(31, 'Luba', 'ABR', '0'),
(32, 'Malibcong', 'ABR', '0'),
(33, 'Manabo', 'ABR', '0'),
(34, 'Peñarrubia', 'ABR', '0'),
(35, 'Pidigan', 'ABR', '0'),
(36, 'Pilar', 'ABR', '0'),
(37, 'Sallapadan', 'ABR', '0'),
(38, 'San Isidro', 'ABR', '0'),
(39, 'San Juan', 'ABR', '0'),
(40, 'San Quintin', 'ABR', '0'),
(41, 'Tayum', 'ABR', '0'),
(42, 'Tineg', 'ABR', '0'),
(43, 'Tubo', 'ABR', '0'),
(44, 'Villaviciosa', 'ABR', '0'),
(45, 'Calanasan', 'APA', '0'),
(46, 'Conner', 'APA', '0'),
(47, 'Flora', 'APA', '0'),
(48, 'Kabugao', 'APA', '0'),
(49, 'Luna', 'APA', '0'),
(50, 'Pudtol', 'APA', '0'),
(51, 'Santa Marcela', 'APA', '0'),
(52, 'Atok', 'BEN', '0'),
(53, 'Baguio', 'BEN', '1'),
(54, 'Bakun', 'BEN', '0'),
(55, 'Bokod', 'BEN', '0'),
(56, 'Buguias', 'BEN', '0'),
(57, 'Itogon', 'BEN', '0'),
(58, 'Kabayan', 'BEN', '0'),
(59, 'Kapangan', 'BEN', '0'),
(60, 'Kibungan', 'BEN', '0'),
(61, 'La Trinidad', 'BEN', '0'),
(62, 'Mankayan', 'BEN', '0'),
(63, 'Sablan', 'BEN', '0'),
(64, 'Tuba', 'BEN', '0'),
(65, 'Tublay', 'BEN', '0'),
(66, 'Aguinaldo', 'IFU', '0'),
(67, 'Alfonso Lista', 'IFU', '0'),
(68, 'Asipulo', 'IFU', '0'),
(69, 'Banaue', 'IFU', '0'),
(70, 'Hingyon', 'IFU', '0'),
(71, 'Hungduan', 'IFU', '0'),
(72, 'Kiangan', 'IFU', '0'),
(73, 'Lagawe', 'IFU', '0'),
(74, 'Lamut', 'IFU', '0'),
(75, 'Mayoyao', 'IFU', '0'),
(76, 'Tinoc', 'IFU', '0'),
(77, 'Balbalan', 'KAL', '0'),
(78, 'Lubuagan', 'KAL', '0'),
(79, 'Pasil', 'KAL', '0'),
(80, 'Pinukpuk', 'KAL', '0'),
(81, 'Rizal', 'KAL', '0'),
(82, 'Tabuk', 'KAL', '1'),
(83, 'Tanudan', 'KAL', '0'),
(84, 'Tinglayan', 'KAL', '0'),
(85, 'Barlig', 'MOU', '0'),
(86, 'Bauko', 'MOU', '0'),
(87, 'Besao', 'MOU', '0'),
(88, 'Bontoc', 'MOU', '0'),
(89, 'Natonin', 'MOU', '0'),
(90, 'Paracelis', 'MOU', '0'),
(91, 'Sabangan', 'MOU', '0'),
(92, 'Sadanga', 'MOU', '0'),
(93, 'Sagada', 'MOU', '0'),
(94, 'Tadian', 'MOU', '0'),
(95, 'Adams', 'ILN', '0'),
(96, 'Bacarra', 'ILN', '0'),
(97, 'Badoc', 'ILN', '0'),
(98, 'Bangui', 'ILN', '0'),
(99, 'Banna', 'ILN', '0'),
(100, 'Batac', 'ILN', '1'),
(101, 'Burgos', 'ILN', '0'),
(102, 'Carasi', 'ILN', '0'),
(103, 'Currimao', 'ILN', '0'),
(104, 'Dingras', 'ILN', '0'),
(105, 'Dumalneg', 'ILN', '0'),
(106, 'Laoag', 'ILN', '1'),
(107, 'Marcos', 'ILN', '0'),
(108, 'Nueva Era', 'ILN', '0'),
(109, 'Pagudpud', 'ILN', '0'),
(110, 'Paoay', 'ILN', '0'),
(111, 'Pasuquin', 'ILN', '0'),
(112, 'Piddig', 'ILN', '0'),
(113, 'Pinili', 'ILN', '0'),
(114, 'San Nicolas', 'ILN', '0'),
(115, 'Sarrat', 'ILN', '0'),
(116, 'Solsona', 'ILN', '0'),
(117, 'Vintar', 'ILN', '0'),
(118, 'Alilem', 'ILS', '0'),
(119, 'Banayoyo', 'ILS', '0'),
(120, 'Bantay', 'ILS', '0'),
(121, 'Burgos', 'ILS', '0'),
(122, 'Cabugao', 'ILS', '0'),
(123, 'Candon', 'ILS', '1'),
(124, 'Caoayan', 'ILS', '0'),
(125, 'Cervantes', 'ILS', '0'),
(126, 'Galimuyod', 'ILS', '0'),
(127, 'Gregorio Del Pilar', 'ILS', '0'),
(128, 'Lidlidda', 'ILS', '0'),
(129, 'Magsingal', 'ILS', '0'),
(130, 'Nagbukel', 'ILS', '0'),
(131, 'Narvacan', 'ILS', '0'),
(132, 'Quirino', 'ILS', '0'),
(133, 'Salcedo', 'ILS', '0'),
(134, 'San Emilio', 'ILS', '0'),
(135, 'San Esteban', 'ILS', '0'),
(136, 'San Ildefonso', 'ILS', '0'),
(137, 'San Juan', 'ILS', '0'),
(138, 'San Vicente', 'ILS', '0'),
(139, 'Santa', 'ILS', '0'),
(140, 'Santa Catalina', 'ILS', '0'),
(141, 'Santa Cruz', 'ILS', '0'),
(142, 'Santa Lucia', 'ILS', '0'),
(143, 'Santa Maria', 'ILS', '0'),
(144, 'Santiago', 'ILS', '0'),
(145, 'Santo Domingo', 'ILS', '0'),
(146, 'Sigay', 'ILS', '0'),
(147, 'Sinait', 'ILS', '0'),
(148, 'Sugpon', 'ILS', '0'),
(149, 'Suyo', 'ILS', '0'),
(150, 'Tagudin', 'ILS', '0'),
(151, 'Vigan', 'ILS', '1'),
(152, 'Agoo', 'LUN', '0'),
(153, 'Aringay', 'LUN', '0'),
(154, 'Bacnotan', 'LUN', '0'),
(155, 'Bagulin', 'LUN', '0'),
(156, 'Balaoan', 'LUN', '0'),
(157, 'Bangar', 'LUN', '0'),
(158, 'Bauang', 'LUN', '0'),
(159, 'Burgos', 'LUN', '0'),
(160, 'Caba', 'LUN', '0'),
(161, 'Luna', 'LUN', '0'),
(162, 'Naguilian', 'LUN', '0'),
(163, 'Pugo', 'LUN', '0'),
(164, 'Rosario', 'LUN', '0'),
(165, 'San Fernando', 'LUN', '1'),
(166, 'San Gabriel', 'LUN', '0'),
(167, 'San Juan', 'LUN', '0'),
(168, 'Santo Tomas', 'LUN', '0'),
(169, 'Santol', 'LUN', '0'),
(170, 'Sudipen', 'LUN', '0'),
(171, 'Tubao', 'LUN', '0'),
(172, 'Agno', 'PAN', '0'),
(173, 'Aguilar', 'PAN', '0'),
(174, 'Alaminos', 'PAN', '1'),
(175, 'Alcala', 'PAN', '0'),
(176, 'Anda', 'PAN', '0'),
(177, 'Asingan', 'PAN', '0'),
(178, 'Balungao', 'PAN', '0'),
(179, 'Bani', 'PAN', '0'),
(180, 'Basista', 'PAN', '0'),
(181, 'Bautista', 'PAN', '0'),
(182, 'Bayambang', 'PAN', '0'),
(183, 'Binalonan', 'PAN', '0'),
(184, 'Binmaley', 'PAN', '0'),
(185, 'Bolinao', 'PAN', '0'),
(186, 'Bugallon', 'PAN', '0'),
(187, 'Burgos', 'PAN', '0'),
(188, 'Calasiao', 'PAN', '0'),
(189, 'Dagupan', 'PAN', '1'),
(190, 'Dasol', 'PAN', '0'),
(191, 'Infanta', 'PAN', '0'),
(192, 'Labrador', 'PAN', '0'),
(193, 'Laoac', 'PAN', '0'),
(194, 'Lingayen', 'PAN', '0'),
(195, 'Mabini', 'PAN', '0'),
(196, 'Malasiqui', 'PAN', '0'),
(197, 'Manaoag', 'PAN', '0'),
(198, 'Mangaldan', 'PAN', '0'),
(199, 'Mangatarem', 'PAN', '0'),
(200, 'Mapandan', 'PAN', '0'),
(201, 'Natividad', 'PAN', '0'),
(202, 'Pozzorubio', 'PAN', '0'),
(203, 'Rosales', 'PAN', '0'),
(204, 'San Carlos', 'PAN', '1'),
(205, 'San Fabian', 'PAN', '0'),
(206, 'San Jacinto', 'PAN', '0'),
(207, 'San Manuel', 'PAN', '0'),
(208, 'San Nicolas', 'PAN', '0'),
(209, 'San Quintin', 'PAN', '0'),
(210, 'Santa Barbara', 'PAN', '0'),
(211, 'Santa Maria', 'PAN', '0'),
(212, 'Santo Tomas', 'PAN', '0'),
(213, 'Sison', 'PAN', '0'),
(214, 'Sual', 'PAN', '0'),
(215, 'Tayug', 'PAN', '0'),
(216, 'Umingan', 'PAN', '0'),
(217, 'Urdaneta', 'PAN', '1'),
(218, 'Urbiztondo', 'PAN', '0'),
(219, 'Villasis', 'PAN', '0'),
(220, 'Basco', 'BTN', '0'),
(221, 'Itbayat', 'BTN', '0'),
(222, 'Ivana', 'BTN', '0'),
(223, 'Mahatao', 'BTN', '0'),
(224, 'Sabtang', 'BTN', '0'),
(225, 'Uyugan', 'BTN', '0'),
(226, 'Abulug', 'CAG', '0'),
(227, 'Alcala', 'CAG', '0'),
(228, 'Allacapan', 'CAG', '0'),
(229, 'Amulung', 'CAG', '0'),
(230, 'Aparri', 'CAG', '0'),
(231, 'Baggao', 'CAG', '0'),
(232, 'Ballesteros', 'CAG', '0'),
(233, 'Buguey', 'CAG', '0'),
(234, 'Calayan', 'CAG', '0'),
(235, 'Camalaniugan', 'CAG', '0'),
(236, 'Claveria', 'CAG', '0'),
(237, 'Enrile', 'CAG', '0'),
(238, 'Gattaran', 'CAG', '0'),
(239, 'Gonzaga', 'CAG', '0'),
(240, 'Iguig', 'CAG', '0'),
(241, 'Lal-lo', 'CAG', '0'),
(242, 'Lasam', 'CAG', '0'),
(243, 'Pamplona', 'CAG', '0'),
(244, 'Peñablanca', 'CAG', '0'),
(245, 'Piat', 'CAG', '0'),
(246, 'Rizal', 'CAG', '0'),
(247, 'Sanchez-Mira', 'CAG', '0'),
(248, 'Santa Ana', 'CAG', '0'),
(249, 'Santa Praxedes', 'CAG', '0'),
(250, 'Santa Teresita', 'CAG', '0'),
(251, 'Santo Niño', 'CAG', '0'),
(252, 'Solana', 'CAG', '0'),
(253, 'Tuao', 'CAG', '0'),
(254, 'Tuguegarao', 'CAG', '1'),
(255, 'Alicia', 'ISA', '0'),
(256, 'Angadanan', 'ISA', '0'),
(257, 'Aurora', 'ISA', '0'),
(258, 'Benito Soliven', 'ISA', '0'),
(259, 'Burgos', 'ISA', '0'),
(260, 'Cabagan', 'ISA', '0'),
(261, 'Cabatuan', 'ISA', '0'),
(262, 'Cauayan', 'ISA', '1'),
(263, 'Cordon', 'ISA', '0'),
(264, 'Delfin Albano', 'ISA', '0'),
(265, 'Dinapigue', 'ISA', '0'),
(266, 'Divilacan', 'ISA', '0'),
(267, 'Echague', 'ISA', '0'),
(268, 'Gamu', 'ISA', '0'),
(269, 'Ilagan', 'ISA', '1'),
(270, 'Jones', 'ISA', '0'),
(271, 'Luna', 'ISA', '0'),
(272, 'Maconacon', 'ISA', '0'),
(273, 'Mallig', 'ISA', '0'),
(274, 'Naguilian', 'ISA', '0'),
(275, 'Palanan', 'ISA', '0'),
(276, 'Quezon', 'ISA', '0'),
(277, 'Quirino', 'ISA', '0'),
(278, 'Ramon', 'ISA', '0'),
(279, 'Reina Mercedes', 'ISA', '0'),
(280, 'Roxas', 'ISA', '0'),
(281, 'San Agustin', 'ISA', '0'),
(282, 'San Guillermo', 'ISA', '0'),
(283, 'San Isidro', 'ISA', '0'),
(284, 'San Manuel', 'ISA', '0'),
(285, 'San Mariano', 'ISA', '0'),
(286, 'San Mateo', 'ISA', '0'),
(287, 'San Pablo', 'ISA', '0'),
(288, 'Santa Maria', 'ISA', '0'),
(289, 'Santiago', 'ISA', '1'),
(290, 'Santo Tomas', 'ISA', '0'),
(291, 'Tumauini', 'ISA', '0'),
(292, 'Alfonso Castaneda', 'NUV', '0'),
(293, 'Ambaguio', 'NUV', '0'),
(294, 'Aritao', 'NUV', '0'),
(295, 'Bagabag', 'NUV', '0'),
(296, 'Bambang', 'NUV', '0'),
(297, 'Bayombong', 'NUV', '0'),
(298, 'Diadi', 'NUV', '0'),
(299, 'Dupax del Norte', 'NUV', '0'),
(300, 'Dupax del Sur', 'NUV', '0'),
(301, 'Kasibu', 'NUV', '0'),
(302, 'Kayapa', 'NUV', '0'),
(303, 'Quezon', 'NUV', '0'),
(304, 'Santa Fe', 'NUV', '0'),
(305, 'Solano', 'NUV', '0'),
(306, 'Villaverde', 'NUV', '0'),
(307, 'Aglipay', 'QUI', '0'),
(308, 'Cabarroguis', 'QUI', '0'),
(309, 'Diffun', 'QUI', '0'),
(310, 'Maddela', 'QUI', '0'),
(311, 'Nagtipunan', 'QUI', '0'),
(312, 'Saguday', 'QUI', '0'),
(313, 'Baler', 'AUR', '0'),
(314, 'Casiguran', 'AUR', '0'),
(315, 'Dilasag', 'AUR', '0'),
(316, 'Dinalungan', 'AUR', '0'),
(317, 'Dingalan', 'AUR', '0'),
(318, 'Dipaculao', 'AUR', '0'),
(319, 'Maria Aurora', 'AUR', '0'),
(320, 'San Luis', 'AUR', '0'),
(321, 'Abucay', 'BAN', '0'),
(322, 'Bagac', 'BAN', '0'),
(323, 'Balanga', 'BAN', '1'),
(324, 'Dinalupihan', 'BAN', '0'),
(325, 'Hermosa', 'BAN', '0'),
(326, 'Limay', 'BAN', '0'),
(327, 'Mariveles', 'BAN', '0'),
(328, 'Morong', 'BAN', '0'),
(329, 'Orani', 'BAN', '0'),
(330, 'Orion', 'BAN', '0'),
(331, 'Pilar', 'BAN', '0'),
(332, 'Samal', 'BAN', '0'),
(333, 'Angat', 'BUL', '0'),
(334, 'Balagtas', 'BUL', '0'),
(335, 'Baliuag', 'BUL', '0'),
(336, 'Bocaue', 'BUL', '0'),
(337, 'Bulakan', 'BUL', '0'),
(338, 'Bustos', 'BUL', '0'),
(339, 'Calumpit', 'BUL', '0'),
(340, 'Doña Remedios Trinidad', 'BUL', '0'),
(341, 'Guiguinto', 'BUL', '0'),
(342, 'Hagonoy', 'BUL', '0'),
(343, 'Malolos', 'BUL', '1'),
(344, 'Marilao', 'BUL', '0'),
(345, 'Meycauayan', 'BUL', '1'),
(346, 'Norzagaray', 'BUL', '0'),
(347, 'Obando', 'BUL', '0'),
(348, 'Pandi', 'BUL', '0'),
(349, 'Paombong', 'BUL', '0'),
(350, 'Plaridel', 'BUL', '0'),
(351, 'Pulilan', 'BUL', '0'),
(352, 'San Ildefonso', 'BUL', '0'),
(353, 'San Jose del Monte', 'BUL', '1'),
(354, 'San Miguel', 'BUL', '0'),
(355, 'San Rafael', 'BUL', '0'),
(356, 'Santa Maria', 'BUL', '0'),
(357, 'Aliaga', 'NUE', '0'),
(358, 'Bongabon', 'NUE', '0'),
(359, 'Cabanatuan', 'NUE', '1'),
(360, 'Cabiao', 'NUE', '0'),
(361, 'Carranglan', 'NUE', '0'),
(362, 'Cuyapo', 'NUE', '0'),
(363, 'Gabaldon', 'NUE', '0'),
(364, 'Gapan', 'NUE', '1'),
(365, 'General Mamerto Natividad', 'NUE', '0'),
(366, 'General Tinio', 'NUE', '0'),
(367, 'Guimba', 'NUE', '0'),
(368, 'Jaen', 'NUE', '0'),
(369, 'Laur', 'NUE', '0'),
(370, 'Licab', 'NUE', '0'),
(371, 'Llanera', 'NUE', '0'),
(372, 'Lupao', 'NUE', '0'),
(373, 'Muñoz', 'NUE', '1'),
(374, 'Nampicuan', 'NUE', '0'),
(375, 'Palayan', 'NUE', '1'),
(376, 'Pantabangan', 'NUE', '0'),
(377, 'Peñaranda', 'NUE', '0'),
(378, 'Quezon', 'NUE', '0'),
(379, 'Rizal', 'NUE', '0'),
(380, 'San Antonio', 'NUE', '0'),
(381, 'San Isidro', 'NUE', '0'),
(382, 'San Jose', 'NUE', '1'),
(383, 'San Leonardo', 'NUE', '0'),
(384, 'Santa Rosa', 'NUE', '0'),
(385, 'Santo Domingo', 'NUE', '0'),
(386, 'Talavera', 'NUE', '0'),
(387, 'Talugtug', 'NUE', '0'),
(388, 'Zaragoza', 'NUE', '0'),
(389, 'Angeles', 'PAM', '1'),
(390, 'Apalit', 'PAM', '0'),
(391, 'Arayat', 'PAM', '0'),
(392, 'Bacolor', 'PAM', '0'),
(393, 'Candaba', 'PAM', '0'),
(394, 'Floridablanca', 'PAM', '0'),
(395, 'Guagua', 'PAM', '0'),
(396, 'Lubao', 'PAM', '0'),
(397, 'Mabalacat', 'PAM', '1'),
(398, 'Macabebe', 'PAM', '0'),
(399, 'Magalang', 'PAM', '0'),
(400, 'Masantol', 'PAM', '0'),
(401, 'Mexico', 'PAM', '0'),
(402, 'Minalin', 'PAM', '0'),
(403, 'Porac', 'PAM', '0'),
(404, 'San Fernando', 'PAM', '1'),
(405, 'San Luis', 'PAM', '0'),
(406, 'San Simon', 'PAM', '0'),
(407, 'Santa Ana', 'PAM', '0'),
(408, 'Santa Rita', 'PAM', '0'),
(409, 'Santo Tomas', 'PAM', '0'),
(410, 'Sasmuan', 'PAM', '0'),
(411, 'Anao', 'TAR', '0'),
(412, 'Bamban', 'TAR', '0'),
(413, 'Camiling', 'TAR', '0'),
(414, 'Capas', 'TAR', '0'),
(415, 'Concepcion', 'TAR', '0'),
(416, 'Gerona', 'TAR', '0'),
(417, 'La Paz', 'TAR', '0'),
(418, 'Mayantoc', 'TAR', '0'),
(419, 'Moncada', 'TAR', '0'),
(420, 'Paniqui', 'TAR', '0'),
(421, 'Pura', 'TAR', '0'),
(422, 'Ramos', 'TAR', '0'),
(423, 'San Clemente', 'TAR', '0'),
(424, 'San Jose', 'TAR', '0'),
(425, 'San Manuel', 'TAR', '0'),
(426, 'Santa Ignacia', 'TAR', '0'),
(427, 'Tarlac', 'TAR', '1'),
(428, 'Victoria', 'TAR', '0'),
(429, 'Botolan', 'ZMB', '0'),
(430, 'Cabangan', 'ZMB', '0'),
(431, 'Candelaria', 'ZMB', '0'),
(432, 'Castillejos', 'ZMB', '0'),
(433, 'Iba', 'ZMB', '0'),
(434, 'Masinloc', 'ZMB', '0'),
(435, 'Olongapo', 'ZMB', '1'),
(436, 'Palauig', 'ZMB', '0'),
(437, 'San Antonio', 'ZMB', '0'),
(438, 'San Felipe', 'ZMB', '0'),
(439, 'San Marcelino', 'ZMB', '0'),
(440, 'San Narciso', 'ZMB', '0'),
(441, 'Santa Cruz', 'ZMB', '0'),
(442, 'Subic', 'ZMB', '0'),
(443, 'Agoncillo', 'BTG', '0'),
(444, 'Alitagtag', 'BTG', '0'),
(445, 'Balayan', 'BTG', '0'),
(446, 'Balete', 'BTG', '0'),
(447, 'Batangas', 'BTG', '1'),
(448, 'Bauan', 'BTG', '0'),
(449, 'Calaca', 'BTG', '0'),
(450, 'Calatagan', 'BTG', '0'),
(451, 'Cuenca', 'BTG', '0'),
(452, 'Ibaan', 'BTG', '0'),
(453, 'Laurel', 'BTG', '0'),
(454, 'Lemery', 'BTG', '0'),
(455, 'Lian', 'BTG', '0'),
(456, 'Lipa', 'BTG', '1'),
(457, 'Lobo', 'BTG', '0'),
(458, 'Mabini', 'BTG', '0'),
(459, 'Malvar', 'BTG', '0'),
(460, 'Mataasnakahoy', 'BTG', '0'),
(461, 'Nasugbu', 'BTG', '0'),
(462, 'Padre Garcia', 'BTG', '0'),
(463, 'Rosario', 'BTG', '0'),
(464, 'San Jose', 'BTG', '0'),
(465, 'San Juan', 'BTG', '0'),
(466, 'San Luis', 'BTG', '0'),
(467, 'San Nicolas', 'BTG', '0'),
(468, 'San Pascual', 'BTG', '0'),
(469, 'Santa Teresita', 'BTG', '0'),
(470, 'Santo Tomas', 'BTG', '0'),
(471, 'Taal', 'BTG', '0'),
(472, 'Talisay', 'BTG', '0'),
(473, 'Tanauan', 'BTG', '1'),
(474, 'Taysan', 'BTG', '0'),
(475, 'Tingloy', 'BTG', '0'),
(476, 'Tuy', 'BTG', '0'),
(477, 'Alfonso', 'CAV', '0'),
(478, 'Amadeo', 'CAV', '0'),
(479, 'Bacoor', 'CAV', '1'),
(480, 'Carmona', 'CAV', '0'),
(481, 'Cavite', 'CAV', '1'),
(482, 'Dasmariñas', 'CAV', '1'),
(483, 'General Mariano Alvarez', 'CAV', '0'),
(484, 'General Emilio Aguinaldo', 'CAV', '0'),
(485, 'General Trias', 'CAV', '0'),
(486, 'Imus', 'CAV', '1'),
(487, 'Indang', 'CAV', '0'),
(488, 'Kawit', 'CAV', '0'),
(489, 'Magallanes', 'CAV', '0'),
(490, 'Maragondon', 'CAV', '0'),
(491, 'Mendez', 'CAV', '0'),
(492, 'Naic', 'CAV', '0'),
(493, 'Noveleta', 'CAV', '0'),
(494, 'Rosario', 'CAV', '0'),
(495, 'Silang', 'CAV', '0'),
(496, 'Tagaytay', 'CAV', '1'),
(497, 'Tanza', 'CAV', '0'),
(498, 'Ternate', 'CAV', '0'),
(499, 'Trece Martires', 'CAV', '1'),
(500, 'Alaminos', 'LAG', '0'),
(501, 'Bay', 'LAG', '0'),
(502, 'Biñan', 'LAG', '1'),
(503, 'Cabuyao', 'LAG', '1'),
(504, 'Calamba', 'LAG', '1'),
(505, 'Calauan', 'LAG', '0'),
(506, 'Cavinti', 'LAG', '0'),
(507, 'Famy', 'LAG', '0'),
(508, 'Kalayaan', 'LAG', '0'),
(509, 'Liliw', 'LAG', '0'),
(510, 'Los Baños', 'LAG', '0'),
(511, 'Luisiana', 'LAG', '0'),
(512, 'Lumban', 'LAG', '0'),
(513, 'Mabitac', 'LAG', '0'),
(514, 'Magdalena', 'LAG', '0'),
(515, 'Majayjay', 'LAG', '0'),
(516, 'Nagcarlan', 'LAG', '0'),
(517, 'Paete', 'LAG', '0'),
(518, 'Pagsanjan', 'LAG', '0'),
(519, 'Pakil', 'LAG', '0'),
(520, 'Pangil', 'LAG', '0'),
(521, 'Pila', 'LAG', '0'),
(522, 'Rizal', 'LAG', '0'),
(523, 'San Pablo', 'LAG', '1'),
(524, 'San Pedro', 'LAG', '1'),
(525, 'Santa Cruz', 'LAG', '0'),
(526, 'Santa Maria', 'LAG', '0'),
(527, 'Santa Rosa', 'LAG', '1'),
(528, 'Siniloan', 'LAG', '0'),
(529, 'Victoria', 'LAG', '0'),
(530, 'Agdangan', 'QUE', '0'),
(531, 'Alabat', 'QUE', '0'),
(532, 'Atimonan', 'QUE', '0'),
(533, 'Buenavista', 'QUE', '0'),
(534, 'Burdeos', 'QUE', '0'),
(535, 'Calauag', 'QUE', '0'),
(536, 'Candelaria', 'QUE', '0'),
(537, 'Catanauan', 'QUE', '0'),
(538, 'Dolores', 'QUE', '0'),
(539, 'General Luna', 'QUE', '0'),
(540, 'General Nakar', 'QUE', '0'),
(541, 'Guinayangan', 'QUE', '0'),
(542, 'Gumaca', 'QUE', '0'),
(543, 'Infanta', 'QUE', '0'),
(544, 'Jomalig', 'QUE', '0'),
(545, 'Lopez', 'QUE', '0'),
(546, 'Lucban', 'QUE', '0'),
(547, 'Lucena', 'QUE', '1'),
(548, 'Macalelon', 'QUE', '0'),
(549, 'Mauban', 'QUE', '0'),
(550, 'Mulanay', 'QUE', '0'),
(551, 'Padre Burgos', 'QUE', '0'),
(552, 'Pagbilao', 'QUE', '0'),
(553, 'Panukulan', 'QUE', '0'),
(554, 'Patnanungan', 'QUE', '0'),
(555, 'Perez', 'QUE', '0'),
(556, 'Pitogo', 'QUE', '0'),
(557, 'Plaridel', 'QUE', '0'),
(558, 'Polillo', 'QUE', '0'),
(559, 'Quezon', 'QUE', '0'),
(560, 'Real', 'QUE', '0'),
(561, 'Sampaloc', 'QUE', '0'),
(562, 'San Andres', 'QUE', '0'),
(563, 'San Antonio', 'QUE', '0'),
(564, 'San Francisco', 'QUE', '0'),
(565, 'San Narciso', 'QUE', '0'),
(566, 'Sariaya', 'QUE', '0'),
(567, 'Tagkawayan', 'QUE', '0'),
(568, 'Tayabas', 'QUE', '1'),
(569, 'Tiaong', 'QUE', '0'),
(570, 'Unisan', 'QUE', '0'),
(571, 'Angono', 'RIZ', '0'),
(572, 'Antipolo', 'RIZ', '1'),
(573, 'Baras', 'RIZ', '0'),
(574, 'Binangonan', 'RIZ', '0'),
(575, 'Cainta', 'RIZ', '0'),
(576, 'Cardona', 'RIZ', '0'),
(577, 'Jalajala', 'RIZ', '0'),
(578, 'Morong', 'RIZ', '0'),
(579, 'Pililla', 'RIZ', '0'),
(580, 'Rodriguez', 'RIZ', '0'),
(581, 'San Mateo', 'RIZ', '0'),
(582, 'Tanay', 'RIZ', '0'),
(583, 'Taytay', 'RIZ', '0'),
(584, 'Teresa', 'RIZ', '0'),
(585, 'Boac', 'MAD', '0'),
(586, 'Buenavista', 'MAD', '0'),
(587, 'Gasan', 'MAD', '0'),
(588, 'Mogpog', 'MAD', '0'),
(589, 'Santa Cruz', 'MAD', '0'),
(590, 'Torrijos', 'MAD', '0'),
(591, 'Abra de Ilog', 'MDC', '0'),
(592, 'Calintaan', 'MDC', '0'),
(593, 'Looc', 'MDC', '0'),
(594, 'Lubang', 'MDC', '0'),
(595, 'Magsaysay', 'MDC', '0'),
(596, 'Mamburao', 'MDC', '0'),
(597, 'Paluan', 'MDC', '0'),
(598, 'Rizal', 'MDC', '0'),
(599, 'Sablayan', 'MDC', '0'),
(600, 'San Jose', 'MDC', '0'),
(601, 'Santa Cruz', 'MDC', '0'),
(602, 'Baco', 'MDR', '0'),
(603, 'Bansud', 'MDR', '0'),
(604, 'Bongabong', 'MDR', '0'),
(605, 'Bulalacao', 'MDR', '0'),
(606, 'Calapan', 'MDR', '1'),
(607, 'Gloria', 'MDR', '0'),
(608, 'Mansalay', 'MDR', '0'),
(609, 'Naujan', 'MDR', '0'),
(610, 'Pinamalayan', 'MDR', '0'),
(611, 'Pola', 'MDR', '0'),
(612, 'Puerto Galera', 'MDR', '0'),
(613, 'Roxas', 'MDR', '0'),
(614, 'San Teodoro', 'MDR', '0'),
(615, 'Socorro', 'MDR', '0'),
(616, 'Victoria', 'MDR', '0'),
(617, 'Aborlan', 'PLW', '0'),
(618, 'Agutaya', 'PLW', '0'),
(619, 'Araceli', 'PLW', '0'),
(620, 'Balabac', 'PLW', '0'),
(621, 'Bataraza', 'PLW', '0'),
(622, 'Brooke\'s Point', 'PLW', '0'),
(623, 'Busuanga', 'PLW', '0'),
(624, 'Cagayancillo', 'PLW', '0'),
(625, 'Coron', 'PLW', '0'),
(626, 'Culion', 'PLW', '0'),
(627, 'Cuyo', 'PLW', '0'),
(628, 'Dumaran', 'PLW', '0'),
(629, 'El Nido', 'PLW', '0'),
(630, 'Kalayaan', 'PLW', '0'),
(631, 'Linapacan', 'PLW', '0'),
(632, 'Magsaysay', 'PLW', '0'),
(633, 'Narra', 'PLW', '0'),
(634, 'Puerto Princesa', 'PLW', '1'),
(635, 'Quezon', 'PLW', '0'),
(636, 'Rizal', 'PLW', '0'),
(637, 'Roxas', 'PLW', '0'),
(638, 'San Vicente', 'PLW', '0'),
(639, 'Sofronio Española', 'PLW', '0'),
(640, 'Taytay', 'PLW', '0'),
(641, 'Alcantara', 'ROM', '0'),
(642, 'Banton', 'ROM', '0'),
(643, 'Cajidiocan', 'ROM', '0'),
(644, 'Calatrava', 'ROM', '0'),
(645, 'Concepcion', 'ROM', '0'),
(646, 'Corcuera', 'ROM', '0'),
(647, 'Ferrol', 'ROM', '0'),
(648, 'Looc', 'ROM', '0'),
(649, 'Magdiwang', 'ROM', '0'),
(650, 'Odiongan', 'ROM', '0'),
(651, 'Romblon', 'ROM', '0'),
(652, 'San Agustin', 'ROM', '0'),
(653, 'San Andres', 'ROM', '0'),
(654, 'San Fernando', 'ROM', '0'),
(655, 'San Jose', 'ROM', '0'),
(656, 'Santa Fe', 'ROM', '0'),
(657, 'Santa Maria', 'ROM', '0'),
(658, 'Bacacay', 'ALB', '0'),
(659, 'Camalig', 'ALB', '0'),
(660, 'Daraga', 'ALB', '0'),
(661, 'Guinobatan', 'ALB', '0'),
(662, 'Jovellar', 'ALB', '0'),
(663, 'Legazpi', 'ALB', '1'),
(664, 'Libon', 'ALB', '0'),
(665, 'Ligao', 'ALB', '1'),
(666, 'Malilipot', 'ALB', '0'),
(667, 'Malinao', 'ALB', '0'),
(668, 'Manito', 'ALB', '0'),
(669, 'Oas', 'ALB', '0'),
(670, 'Pio Duran', 'ALB', '0'),
(671, 'Polangui', 'ALB', '0'),
(672, 'Rapu-Rapu', 'ALB', '0'),
(673, 'Santo Domingo', 'ALB', '0'),
(674, 'Tabaco', 'ALB', '1'),
(675, 'Tiwi', 'ALB', '0'),
(676, 'Basud', 'CAN', '0'),
(677, 'Capalonga', 'CAN', '0'),
(678, 'Daet', 'CAN', '0'),
(679, 'Jose Panganiban', 'CAN', '0'),
(680, 'Labo', 'CAN', '0'),
(681, 'Mercedes', 'CAN', '0'),
(682, 'Paracale', 'CAN', '0'),
(683, 'San Lorenzo Ruiz', 'CAN', '0'),
(684, 'San Vicente', 'CAN', '0'),
(685, 'Santa Elena', 'CAN', '0'),
(686, 'Talisay', 'CAN', '0'),
(687, 'Vinzons', 'CAN', '0'),
(688, 'Baao', 'CAS', '0'),
(689, 'Balatan', 'CAS', '0'),
(690, 'Bato', 'CAS', '0'),
(691, 'Bombon', 'CAS', '0'),
(692, 'Buhi', 'CAS', '0'),
(693, 'Bula', 'CAS', '0'),
(694, 'Cabusao', 'CAS', '0'),
(695, 'Calabanga', 'CAS', '0'),
(696, 'Camaligan', 'CAS', '0'),
(697, 'Canaman', 'CAS', '0'),
(698, 'Caramoan', 'CAS', '0'),
(699, 'Del Gallego', 'CAS', '0'),
(700, 'Gainza', 'CAS', '0'),
(701, 'Garchitorena', 'CAS', '0'),
(702, 'Goa', 'CAS', '0'),
(703, 'Iriga', 'CAS', '1'),
(704, 'Lagonoy', 'CAS', '0'),
(705, 'Libmanan', 'CAS', '0'),
(706, 'Lupi', 'CAS', '0'),
(707, 'Magarao', 'CAS', '0'),
(708, 'Milaor', 'CAS', '0'),
(709, 'Minalabac', 'CAS', '0'),
(710, 'Nabua', 'CAS', '0'),
(711, 'Naga', 'CAS', '1'),
(712, 'Ocampo', 'CAS', '0'),
(713, 'Pamplona', 'CAS', '0'),
(714, 'Pasacao', 'CAS', '0'),
(715, 'Pili', 'CAS', '0'),
(716, 'Presentacion', 'CAS', '0'),
(717, 'Ragay', 'CAS', '0'),
(718, 'Sagñay', 'CAS', '0'),
(719, 'San Fernando', 'CAS', '0'),
(720, 'San Jose', 'CAS', '0'),
(721, 'Sipocot', 'CAS', '0'),
(722, 'Siruma', 'CAS', '0'),
(723, 'Tigaon', 'CAS', '0'),
(724, 'Tinambac', 'CAS', '0'),
(725, 'Bagamanoc', 'CAT', '0'),
(726, 'Baras', 'CAT', '0'),
(727, 'Bato', 'CAT', '0'),
(728, 'Caramoran', 'CAT', '0'),
(729, 'Gigmoto', 'CAT', '0'),
(730, 'Pandan', 'CAT', '0'),
(731, 'Panganiban', 'CAT', '0'),
(732, 'San Andres', 'CAT', '0'),
(733, 'San Miguel', 'CAT', '0'),
(734, 'Viga', 'CAT', '0'),
(735, 'Virac', 'CAT', '0'),
(736, 'Aroroy', 'MAS', '0'),
(737, 'Baleno', 'MAS', '0'),
(738, 'Balud', 'MAS', '0'),
(739, 'Batuan', 'MAS', '0'),
(740, 'Cataingan', 'MAS', '0'),
(741, 'Cawayan', 'MAS', '0'),
(742, 'Claveria', 'MAS', '0'),
(743, 'Dimasalang', 'MAS', '0'),
(744, 'Esperanza', 'MAS', '0'),
(745, 'Mandaon', 'MAS', '0'),
(746, 'Masbate', 'MAS', '1'),
(747, 'Milagros', 'MAS', '0'),
(748, 'Mobo', 'MAS', '0'),
(749, 'Monreal', 'MAS', '0'),
(750, 'Palanas', 'MAS', '0'),
(751, 'Pio V. Corpuz', 'MAS', '0'),
(752, 'Placer', 'MAS', '0'),
(753, 'San Fernando', 'MAS', '0'),
(754, 'San Jacinto', 'MAS', '0'),
(755, 'San Pascual', 'MAS', '0'),
(756, 'Uson', 'MAS', '0'),
(757, 'Barcelona', 'SOR', '0'),
(758, 'Bulan', 'SOR', '0'),
(759, 'Bulusan', 'SOR', '0'),
(760, 'Casiguran', 'SOR', '0'),
(761, 'Castilla', 'SOR', '0'),
(762, 'Donsol', 'SOR', '0'),
(763, 'Gubat', 'SOR', '0'),
(764, 'Irosin', 'SOR', '0'),
(765, 'Juban', 'SOR', '0'),
(766, 'Magallanes', 'SOR', '0'),
(767, 'Matnog', 'SOR', '0'),
(768, 'Pilar', 'SOR', '0'),
(769, 'Prieto Diaz', 'SOR', '0'),
(770, 'Santa Magdalena', 'SOR', '0'),
(771, 'Sorsogon', 'SOR', '1'),
(772, 'Altavas', 'AKL', '0'),
(773, 'Balete', 'AKL', '0'),
(774, 'Banga', 'AKL', '0'),
(775, 'Batan', 'AKL', '0'),
(776, 'Buruanga', 'AKL', '0'),
(777, 'Ibajay', 'AKL', '0'),
(778, 'Kalibo', 'AKL', '0'),
(779, 'Lezo', 'AKL', '0'),
(780, 'Libacao', 'AKL', '0'),
(781, 'Madalag', 'AKL', '0'),
(782, 'Makato', 'AKL', '0'),
(783, 'Malay', 'AKL', '0'),
(784, 'Malinao', 'AKL', '0'),
(785, 'Nabas', 'AKL', '0'),
(786, 'New Washington', 'AKL', '0'),
(787, 'Numancia', 'AKL', '0'),
(788, 'Tangalan', 'AKL', '0'),
(789, 'Anini-y', 'ANT', '0'),
(790, 'Barbaza', 'ANT', '0'),
(791, 'Belison', 'ANT', '0'),
(792, 'Bugasong', 'ANT', '0'),
(793, 'Caluya', 'ANT', '0'),
(794, 'Culasi', 'ANT', '0'),
(795, 'Hamtic', 'ANT', '0'),
(796, 'Laua-an', 'ANT', '0'),
(797, 'Libertad', 'ANT', '0'),
(798, 'Pandan', 'ANT', '0'),
(799, 'Patnongon', 'ANT', '0'),
(800, 'San Jose', 'ANT', '0'),
(801, 'San Remigio', 'ANT', '0'),
(802, 'Sebaste', 'ANT', '0'),
(803, 'Sibalom', 'ANT', '0'),
(804, 'Tibiao', 'ANT', '0'),
(805, 'Tobias Fornier', 'ANT', '0'),
(806, 'Valderrama', 'ANT', '0'),
(807, 'Cuartero', 'CAP', '0'),
(808, 'Dao', 'CAP', '0'),
(809, 'Dumalag', 'CAP', '0'),
(810, 'Dumarao', 'CAP', '0'),
(811, 'Ivisan', 'CAP', '0'),
(812, 'Jamindan', 'CAP', '0'),
(813, 'Maayon', 'CAP', '0'),
(814, 'Mambusao', 'CAP', '0'),
(815, 'Panay', 'CAP', '0'),
(816, 'Panitan', 'CAP', '0'),
(817, 'Pilar', 'CAP', '0'),
(818, 'Pontevedra', 'CAP', '0'),
(819, 'President Roxas', 'CAP', '0'),
(820, 'Roxas', 'CAP', '1'),
(821, 'Sapian', 'CAP', '0'),
(822, 'Sigma', 'CAP', '0'),
(823, 'Tapaz', 'CAP', '0'),
(824, 'Buenavista', 'GUI', '0'),
(825, 'Jordan', 'GUI', '0'),
(826, 'Nueva Valencia', 'GUI', '0'),
(827, 'San Lorenzo', 'GUI', '0'),
(828, 'Sibunag', 'GUI', '0'),
(829, 'Ajuy', 'ILI', '0'),
(830, 'Alimodian', 'ILI', '0'),
(831, 'Anilao', 'ILI', '0'),
(832, 'Badiangan', 'ILI', '0'),
(833, 'Balasan', 'ILI', '0'),
(834, 'Banate', 'ILI', '0'),
(835, 'Barotac Nuevo', 'ILI', '0'),
(836, 'Barotac Viejo', 'ILI', '0'),
(837, 'Batad', 'ILI', '0'),
(838, 'Bingawan', 'ILI', '0'),
(839, 'Cabatuan', 'ILI', '0'),
(840, 'Calinog', 'ILI', '0'),
(841, 'Carles', 'ILI', '0'),
(842, 'Concepcion', 'ILI', '0'),
(843, 'Dingle', 'ILI', '0'),
(844, 'Dueñas', 'ILI', '0'),
(845, 'Dumangas', 'ILI', '0'),
(846, 'Estancia', 'ILI', '0'),
(847, 'Guimbal', 'ILI', '0'),
(848, 'Igbaras', 'ILI', '0'),
(849, 'Iloilo', 'ILI', '1'),
(850, 'Janiuay', 'ILI', '0'),
(851, 'Lambunao', 'ILI', '0'),
(852, 'Leganes', 'ILI', '0'),
(853, 'Lemery', 'ILI', '0'),
(854, 'Leon', 'ILI', '0'),
(855, 'Maasin', 'ILI', '0'),
(856, 'Miagao', 'ILI', '0'),
(857, 'Mina', 'ILI', '0'),
(858, 'New Lucena', 'ILI', '0'),
(859, 'Oton', 'ILI', '0'),
(860, 'Passi', 'ILI', '1'),
(861, 'Pavia', 'ILI', '0'),
(862, 'Pototan', 'ILI', '0'),
(863, 'San Dionisio', 'ILI', '0'),
(864, 'San Enrique', 'ILI', '0'),
(865, 'San Joaquin', 'ILI', '0'),
(866, 'San Miguel', 'ILI', '0'),
(867, 'San Rafael', 'ILI', '0'),
(868, 'Santa Barbara', 'ILI', '0'),
(869, 'Sara', 'ILI', '0'),
(870, 'Tigbauan', 'ILI', '0'),
(871, 'Tubungan', 'ILI', '0'),
(872, 'Zarraga', 'ILI', '0'),
(873, 'Bacolod', 'NEC', '1'),
(874, 'Bago', 'NEC', '1'),
(875, 'Binalbagan', 'NEC', '0'),
(876, 'Cadiz', 'NEC', '1'),
(877, 'Calatrava', 'NEC', '0'),
(878, 'Candoni', 'NEC', '0'),
(879, 'Cauayan', 'NEC', '0'),
(880, 'Enrique B. Magalona', 'NEC', '0'),
(881, 'Escalante', 'NEC', '1'),
(882, 'Himamaylan', 'NEC', '1'),
(883, 'Hinigaran', 'NEC', '0'),
(884, 'Hinoba-an', 'NEC', '0'),
(885, 'Ilog', 'NEC', '0'),
(886, 'Isabela', 'NEC', '0'),
(887, 'Kabankalan', 'NEC', '1'),
(888, 'La Carlota', 'NEC', '1'),
(889, 'La Castellana', 'NEC', '0'),
(890, 'Manapla', 'NEC', '0'),
(891, 'Moises Padilla', 'NEC', '0'),
(892, 'Murcia', 'NEC', '0'),
(893, 'Pontevedra', 'NEC', '0'),
(894, 'Pulupandan', 'NEC', '0'),
(895, 'Sagay', 'NEC', '1'),
(896, 'Salvador Benedicto', 'NEC', '0'),
(897, 'San Carlos', 'NEC', '1'),
(898, 'San Enrique', 'NEC', '0'),
(899, 'Silay', 'NEC', '1'),
(900, 'Sipalay', 'NEC', '1'),
(901, 'Talisay', 'NEC', '1'),
(902, 'Toboso', 'NEC', '0'),
(903, 'Valladolid', 'NEC', '0'),
(904, 'Victorias', 'NEC', '1'),
(905, 'Alburquerque', 'BOH', '0'),
(906, 'Alicia', 'BOH', '0'),
(907, 'Anda', 'BOH', '0'),
(908, 'Antequera', 'BOH', '0'),
(909, 'Baclayon', 'BOH', '0'),
(910, 'Balilihan', 'BOH', '0'),
(911, 'Batuan', 'BOH', '0'),
(912, 'Bien Unido', 'BOH', '0'),
(913, 'Bilar', 'BOH', '0'),
(914, 'Buenavista', 'BOH', '0'),
(915, 'Calape', 'BOH', '0'),
(916, 'Candijay', 'BOH', '0'),
(917, 'Carmen', 'BOH', '0'),
(918, 'Catigbian', 'BOH', '0'),
(919, 'Clarin', 'BOH', '0'),
(920, 'Corella', 'BOH', '0'),
(921, 'Cortes', 'BOH', '0'),
(922, 'Dagohoy', 'BOH', '0'),
(923, 'Danao', 'BOH', '0'),
(924, 'Dauis', 'BOH', '0'),
(925, 'Dimiao', 'BOH', '0'),
(926, 'Duero', 'BOH', '0'),
(927, 'Garcia Hernandez', 'BOH', '0'),
(928, 'Getafe', 'BOH', '0'),
(929, 'Guindulman', 'BOH', '0'),
(930, 'Inabanga', 'BOH', '0'),
(931, 'Jagna', 'BOH', '0'),
(932, 'Lila', 'BOH', '0'),
(933, 'Loay', 'BOH', '0'),
(934, 'Loboc', 'BOH', '0'),
(935, 'Loon', 'BOH', '0'),
(936, 'Mabini', 'BOH', '0'),
(937, 'Maribojoc', 'BOH', '0'),
(938, 'Panglao', 'BOH', '0'),
(939, 'Pilar', 'BOH', '0'),
(940, 'President Carlos P. Garcia', 'BOH', '0'),
(941, 'Sagbayan', 'BOH', '0'),
(942, 'San Isidro', 'BOH', '0'),
(943, 'San Miguel', 'BOH', '0'),
(944, 'Sevilla', 'BOH', '0'),
(945, 'Sierra Bullones', 'BOH', '0'),
(946, 'Sikatuna', 'BOH', '0'),
(947, 'Tagbilaran', 'BOH', '1'),
(948, 'Talibon', 'BOH', '0'),
(949, 'Trinidad', 'BOH', '0'),
(950, 'Tubigon', 'BOH', '0'),
(951, 'Ubay', 'BOH', '0'),
(952, 'Valencia', 'BOH', '0'),
(953, 'Alcantara', 'CEB', '0'),
(954, 'Alcoy', 'CEB', '0'),
(955, 'Alegria', 'CEB', '0'),
(956, 'Aloguinsan', 'CEB', '0'),
(957, 'Argao', 'CEB', '0'),
(958, 'Asturias', 'CEB', '0'),
(959, 'Badian', 'CEB', '0'),
(960, 'Balamban', 'CEB', '0'),
(961, 'Bantayan', 'CEB', '0'),
(962, 'Barili', 'CEB', '0'),
(963, 'Bogo', 'CEB', '1'),
(964, 'Boljoon', 'CEB', '0'),
(965, 'Borbon', 'CEB', '0'),
(966, 'Carcar', 'CEB', '1'),
(967, 'Carmen', 'CEB', '0'),
(968, 'Catmon', 'CEB', '0'),
(969, 'Cebu', 'CEB', '1'),
(970, 'Compostela', 'CEB', '0'),
(971, 'Consolacion', 'CEB', '0'),
(972, 'Cordoba', 'CEB', '0'),
(973, 'Daanbantayan', 'CEB', '0'),
(974, 'Dalaguete', 'CEB', '0'),
(975, 'Danao', 'CEB', '1'),
(976, 'Dumanjug', 'CEB', '0'),
(977, 'Ginatilan', 'CEB', '0'),
(978, 'Lapu-Lapu', 'CEB', '1'),
(979, 'Liloan', 'CEB', '0'),
(980, 'Madridejos', 'CEB', '0'),
(981, 'Malabuyoc', 'CEB', '0'),
(982, 'Mandaue', 'CEB', '1'),
(983, 'Medellin', 'CEB', '0'),
(984, 'Minglanilla', 'CEB', '0'),
(985, 'Moalboal', 'CEB', '0'),
(986, 'Naga', 'CEB', '1'),
(987, 'Oslob', 'CEB', '0'),
(988, 'Pilar', 'CEB', '0'),
(989, 'Pinamungajan', 'CEB', '0'),
(990, 'Poro', 'CEB', '0'),
(991, 'Ronda', 'CEB', '0'),
(992, 'Samboan', 'CEB', '0'),
(993, 'San Fernando', 'CEB', '0'),
(994, 'San Francisco', 'CEB', '0'),
(995, 'San Remigio', 'CEB', '0'),
(996, 'Santa Fe', 'CEB', '0'),
(997, 'Santander', 'CEB', '0'),
(998, 'Sibonga', 'CEB', '0'),
(999, 'Sogod', 'CEB', '0'),
(1000, 'Tabogon', 'CEB', '0'),
(1001, 'Tabuelan', 'CEB', '0'),
(1002, 'Talisay', 'CEB', '1'),
(1003, 'Toledo', 'CEB', '1'),
(1004, 'Tuburan', 'CEB', '0'),
(1005, 'Tudela', 'CEB', '0'),
(1006, 'Amlan', 'NER', '0'),
(1007, 'Ayungon', 'NER', '0'),
(1008, 'Bacong', 'NER', '0'),
(1009, 'Bais', 'NER', '1'),
(1010, 'Basay', 'NER', '0'),
(1011, 'Bayawan', 'NER', '1'),
(1012, 'Bindoy', 'NER', '0'),
(1013, 'Canlaon', 'NER', '1'),
(1014, 'Dauin', 'NER', '0'),
(1015, 'Dumaguete', 'NER', '1'),
(1016, 'Guihulngan', 'NER', '1'),
(1017, 'Jimalalud', 'NER', '0'),
(1018, 'La Libertad', 'NER', '0'),
(1019, 'Mabinay', 'NER', '0'),
(1020, 'Manjuyod', 'NER', '0'),
(1021, 'Pamplona', 'NER', '0'),
(1022, 'San Jose', 'NER', '0'),
(1023, 'Santa Catalina', 'NER', '0'),
(1024, 'Siaton', 'NER', '0'),
(1025, 'Sibulan', 'NER', '0'),
(1026, 'Tanjay', 'NER', '1'),
(1027, 'Tayasan', 'NER', '0'),
(1028, 'Valencia', 'NER', '0'),
(1029, 'Vallehermoso', 'NER', '0'),
(1030, 'Zamboanguita', 'NER', '0'),
(1031, 'Enrique Villanueva', 'SIG', '0'),
(1032, 'Larena', 'SIG', '0'),
(1033, 'Lazi', 'SIG', '0'),
(1034, 'Maria', 'SIG', '0'),
(1035, 'San Juan', 'SIG', '0'),
(1036, 'Siquijor', 'SIG', '0'),
(1037, 'Almeria', 'BIL', '0'),
(1038, 'Biliran', 'BIL', '0'),
(1039, 'Cabucgayan', 'BIL', '0'),
(1040, 'Caibiran', 'BIL', '0'),
(1041, 'Culaba', 'BIL', '0'),
(1042, 'Kawayan', 'BIL', '0'),
(1043, 'Maripipi', 'BIL', '0'),
(1044, 'Naval', 'BIL', '0'),
(1045, 'Arteche', 'EAS', '0'),
(1046, 'Balangiga', 'EAS', '0'),
(1047, 'Balangkayan', 'EAS', '0'),
(1048, 'Borongan', 'EAS', '1'),
(1049, 'Can-avid', 'EAS', '0'),
(1050, 'Dolores', 'EAS', '0'),
(1051, 'General MacArthur', 'EAS', '0'),
(1052, 'Giporlos', 'EAS', '0'),
(1053, 'Guiuan', 'EAS', '0'),
(1054, 'Hernani', 'EAS', '0'),
(1055, 'Jipapad', 'EAS', '0'),
(1056, 'Lawaan', 'EAS', '0'),
(1057, 'Llorente', 'EAS', '0'),
(1058, 'Maslog', 'EAS', '0'),
(1059, 'Maydolong', 'EAS', '0'),
(1060, 'Mercedes', 'EAS', '0'),
(1061, 'Oras', 'EAS', '0'),
(1062, 'Quinapondan', 'EAS', '0'),
(1063, 'Salcedo', 'EAS', '0'),
(1064, 'San Julian', 'EAS', '0'),
(1065, 'San Policarpo', 'EAS', '0'),
(1066, 'Sulat', 'EAS', '0'),
(1067, 'Taft', 'EAS', '0'),
(1068, 'Abuyog', 'LEY', '0'),
(1069, 'Alangalang', 'LEY', '0'),
(1070, 'Albuera', 'LEY', '0'),
(1071, 'Babatngon', 'LEY', '0'),
(1072, 'Barugo', 'LEY', '0'),
(1073, 'Bato', 'LEY', '0'),
(1074, 'Baybay', 'LEY', '1'),
(1075, 'Burauen', 'LEY', '0'),
(1076, 'Calubian', 'LEY', '0'),
(1077, 'Capoocan', 'LEY', '0'),
(1078, 'Carigara', 'LEY', '0'),
(1079, 'Dagami', 'LEY', '0'),
(1080, 'Dulag', 'LEY', '0'),
(1081, 'Hilongos', 'LEY', '0'),
(1082, 'Hindang', 'LEY', '0'),
(1083, 'Inopacan', 'LEY', '0'),
(1084, 'Isabel', 'LEY', '0'),
(1085, 'Jaro', 'LEY', '0'),
(1086, 'Javier', 'LEY', '0'),
(1087, 'Julita', 'LEY', '0'),
(1088, 'Kananga', 'LEY', '0'),
(1089, 'La Paz', 'LEY', '0'),
(1090, 'Leyte', 'LEY', '0'),
(1091, 'MacArthur', 'LEY', '0'),
(1092, 'Mahaplag', 'LEY', '0'),
(1093, 'Matag-ob', 'LEY', '0'),
(1094, 'Matalom', 'LEY', '0'),
(1095, 'Mayorga', 'LEY', '0'),
(1096, 'Merida', 'LEY', '0'),
(1097, 'Ormoc', 'LEY', '1'),
(1098, 'Palo', 'LEY', '0'),
(1099, 'Palompon', 'LEY', '0'),
(1100, 'Pastrana', 'LEY', '0'),
(1101, 'San Isidro', 'LEY', '0'),
(1102, 'San Miguel', 'LEY', '0'),
(1103, 'Santa Fe', 'LEY', '0'),
(1104, 'Tabango', 'LEY', '0'),
(1105, 'Tabontabon', 'LEY', '0'),
(1106, 'Tacloban', 'LEY', '1'),
(1107, 'Tanauan', 'LEY', '0'),
(1108, 'Tolosa', 'LEY', '0'),
(1109, 'Tunga', 'LEY', '0'),
(1110, 'Villaba', 'LEY', '0'),
(1111, 'Allen', 'NSA', '0'),
(1112, 'Biri', 'NSA', '0'),
(1113, 'Bobon', 'NSA', '0'),
(1114, 'Capul', 'NSA', '0'),
(1115, 'Catarman', 'NSA', '0'),
(1116, 'Catubig', 'NSA', '0'),
(1117, 'Gamay', 'NSA', '0'),
(1118, 'Laoang', 'NSA', '0'),
(1119, 'Lapinig', 'NSA', '0'),
(1120, 'Las Navas', 'NSA', '0'),
(1121, 'Lavezares', 'NSA', '0'),
(1122, 'Lope de Vega', 'NSA', '0'),
(1123, 'Mapanas', 'NSA', '0'),
(1124, 'Mondragon', 'NSA', '0'),
(1125, 'Palapag', 'NSA', '0'),
(1126, 'Pambujan', 'NSA', '0'),
(1127, 'Rosario', 'NSA', '0'),
(1128, 'San Antonio', 'NSA', '0'),
(1129, 'San Isidro', 'NSA', '0'),
(1130, 'San Jose', 'NSA', '0'),
(1131, 'San Roque', 'NSA', '0'),
(1132, 'San Vicente', 'NSA', '0'),
(1133, 'Silvino Lobos', 'NSA', '0'),
(1134, 'Victoria', 'NSA', '0'),
(1135, 'Almagro', 'WSA', '0'),
(1136, 'Basey', 'WSA', '0'),
(1137, 'Calbayog', 'WSA', '1'),
(1138, 'Calbiga', 'WSA', '0'),
(1139, 'Catbalogan', 'WSA', '1'),
(1140, 'Daram', 'WSA', '0'),
(1141, 'Gandara', 'WSA', '0'),
(1142, 'Hinabangan', 'WSA', '0'),
(1143, 'Jiabong', 'WSA', '0'),
(1144, 'Marabut', 'WSA', '0'),
(1145, 'Matuguinao', 'WSA', '0'),
(1146, 'Motiong', 'WSA', '0'),
(1147, 'Pagsanghan', 'WSA', '0'),
(1148, 'Paranas', 'WSA', '0'),
(1149, 'Pinabacdao', 'WSA', '0'),
(1150, 'San Jorge', 'WSA', '0'),
(1151, 'San Jose de Buan', 'WSA', '0'),
(1152, 'San Sebastian', 'WSA', '0'),
(1153, 'Santa Margarita', 'WSA', '0'),
(1154, 'Santa Rita', 'WSA', '0'),
(1155, 'Santo Niño', 'WSA', '0'),
(1156, 'Tagapul-an', 'WSA', '0'),
(1157, 'Talalora', 'WSA', '0'),
(1158, 'Tarangnan', 'WSA', '0'),
(1159, 'Villareal', 'WSA', '0'),
(1160, 'Zumarraga', 'WSA', '0'),
(1161, 'Anahawan', 'SLE', '0'),
(1162, 'Bontoc', 'SLE', '0'),
(1163, 'Hinunangan', 'SLE', '0'),
(1164, 'Hinundayan', 'SLE', '0'),
(1165, 'Libagon', 'SLE', '0'),
(1166, 'Liloan', 'SLE', '0'),
(1167, 'Limasawa', 'SLE', '0'),
(1168, 'Maasin', 'SLE', '1'),
(1169, 'Macrohon', 'SLE', '0'),
(1170, 'Malitbog', 'SLE', '0'),
(1171, 'Padre Burgos', 'SLE', '0'),
(1172, 'Pintuyan', 'SLE', '0'),
(1173, 'Saint Bernard', 'SLE', '0'),
(1174, 'San Francisco', 'SLE', '0'),
(1175, 'San Juan', 'SLE', '0'),
(1176, 'San Ricardo', 'SLE', '0'),
(1177, 'Silago', 'SLE', '0'),
(1178, 'Sogod', 'SLE', '0'),
(1179, 'Tomas Oppus', 'SLE', '0'),
(1180, 'Baliguian', 'ZAN', '0'),
(1181, 'Dapitan', 'ZAN', '1'),
(1182, 'Dipolog', 'ZAN', '1'),
(1183, 'Godod', 'ZAN', '0'),
(1184, 'Gutalac', 'ZAN', '0'),
(1185, 'Jose Dalman', 'ZAN', '0'),
(1186, 'Kalawit', 'ZAN', '0'),
(1187, 'Katipunan', 'ZAN', '0'),
(1188, 'La Libertad', 'ZAN', '0'),
(1189, 'Labason', 'ZAN', '0'),
(1190, 'Leon B. Postigo', 'ZAN', '0'),
(1191, 'Liloy', 'ZAN', '0'),
(1192, 'Manukan', 'ZAN', '0'),
(1193, 'Mutia', 'ZAN', '0'),
(1194, 'Piñan', 'ZAN', '0'),
(1195, 'Polanco', 'ZAN', '0'),
(1196, 'President Manuel A. Roxas', 'ZAN', '0'),
(1197, 'Rizal', 'ZAN', '0'),
(1198, 'Salug', 'ZAN', '0'),
(1199, 'Sergio Osmeña Sr.', 'ZAN', '0'),
(1200, 'Siayan', 'ZAN', '0'),
(1201, 'Sibuco', 'ZAN', '0'),
(1202, 'Sibutad', 'ZAN', '0'),
(1203, 'Sindangan', 'ZAN', '0'),
(1204, 'Siocon', 'ZAN', '0'),
(1205, 'Sirawai', 'ZAN', '0'),
(1206, 'Tampilisan', 'ZAN', '0'),
(1207, 'Aurora', 'ZAS', '0'),
(1208, 'Bayog', 'ZAS', '0'),
(1209, 'Dimataling', 'ZAS', '0'),
(1210, 'Dinas', 'ZAS', '0'),
(1211, 'Dumalinao', 'ZAS', '0'),
(1212, 'Dumingag', 'ZAS', '0'),
(1213, 'Guipos', 'ZAS', '0'),
(1214, 'Josefina', 'ZAS', '0'),
(1215, 'Kumalarang', 'ZAS', '0'),
(1216, 'Labangan', 'ZAS', '0'),
(1217, 'Lakewood', 'ZAS', '0'),
(1218, 'Lapuyan', 'ZAS', '0'),
(1219, 'Mahayag', 'ZAS', '0'),
(1220, 'Margosatubig', 'ZAS', '0'),
(1221, 'Midsalip', 'ZAS', '0'),
(1222, 'Molave', 'ZAS', '0'),
(1223, 'Pagadian', 'ZAS', '1'),
(1224, 'Pitogo', 'ZAS', '0'),
(1225, 'Ramon Magsaysay', 'ZAS', '0'),
(1226, 'San Miguel', 'ZAS', '0'),
(1227, 'San Pablo', 'ZAS', '0'),
(1228, 'Sominot', 'ZAS', '0'),
(1229, 'Tabina', 'ZAS', '0'),
(1230, 'Tambulig', 'ZAS', '0'),
(1231, 'Tigbao', 'ZAS', '0'),
(1232, 'Tukuran', 'ZAS', '0'),
(1233, 'Vincenzo A. Sagun', 'ZAS', '0'),
(1234, 'Zamboanga', 'ZAS', '1'),
(1235, 'Alicia', 'ZSI', '0'),
(1236, 'Buug', 'ZSI', '0'),
(1237, 'Diplahan', 'ZSI', '0'),
(1238, 'Imelda', 'ZSI', '0'),
(1239, 'Ipil', 'ZSI', '0'),
(1240, 'Kabasalan', 'ZSI', '0'),
(1241, 'Mabuhay', 'ZSI', '0'),
(1242, 'Malangas', 'ZSI', '0'),
(1243, 'Naga', 'ZSI', '0'),
(1244, 'Olutanga', 'ZSI', '0'),
(1245, 'Payao', 'ZSI', '0'),
(1246, 'Roseller Lim', 'ZSI', '0'),
(1247, 'Siay', 'ZSI', '0'),
(1248, 'Talusan', 'ZSI', '0'),
(1249, 'Titay', 'ZSI', '0'),
(1250, 'Tungawan', 'ZSI', '0'),
(1251, 'Baungon', 'BUK', '0'),
(1252, 'Cabanglasan', 'BUK', '0'),
(1253, 'Damulog', 'BUK', '0'),
(1254, 'Dangcagan', 'BUK', '0'),
(1255, 'Don Carlos', 'BUK', '0'),
(1256, 'Impasugong', 'BUK', '0'),
(1257, 'Kadingilan', 'BUK', '0'),
(1258, 'Kalilangan', 'BUK', '0'),
(1259, 'Kibawe', 'BUK', '0'),
(1260, 'Kitaotao', 'BUK', '0'),
(1261, 'Lantapan', 'BUK', '0'),
(1262, 'Libona', 'BUK', '0'),
(1263, 'Malaybalay', 'BUK', '1'),
(1264, 'Malitbog', 'BUK', '0'),
(1265, 'Manolo Fortich', 'BUK', '0'),
(1266, 'Maramag', 'BUK', '0'),
(1267, 'Pangantucan', 'BUK', '0'),
(1268, 'Quezon', 'BUK', '0'),
(1269, 'San Fernando', 'BUK', '0'),
(1270, 'Sumilao', 'BUK', '0'),
(1271, 'Talakag', 'BUK', '0'),
(1272, 'Valencia', 'BUK', '1'),
(1273, 'Catarman', 'CAM', '0'),
(1274, 'Guinsiliban', 'CAM', '0'),
(1275, 'Mahinog', 'CAM', '0'),
(1276, 'Mambajao', 'CAM', '0'),
(1277, 'Sagay', 'CAM', '0'),
(1278, 'Bacolod', 'LAN', '0'),
(1279, 'Baloi', 'LAN', '0'),
(1280, 'Baroy', 'LAN', '0'),
(1281, 'Iligan', 'LAN', '1'),
(1282, 'Kapatagan', 'LAN', '0'),
(1283, 'Kauswagan', 'LAN', '0'),
(1284, 'Kolambugan', 'LAN', '0'),
(1285, 'Lala', 'LAN', '0'),
(1286, 'Linamon', 'LAN', '0'),
(1287, 'Magsaysay', 'LAN', '0'),
(1288, 'Maigo', 'LAN', '0'),
(1289, 'Matungao', 'LAN', '0'),
(1290, 'Munai', 'LAN', '0'),
(1291, 'Nunungan', 'LAN', '0'),
(1292, 'Pantao Ragat', 'LAN', '0'),
(1293, 'Pantar', 'LAN', '0'),
(1294, 'Poona Piagapo', 'LAN', '0'),
(1295, 'Salvador', 'LAN', '0'),
(1296, 'Sapad', 'LAN', '0'),
(1297, 'Sultan Naga Dimaporo', 'LAN', '0'),
(1298, 'Tagoloan', 'LAN', '0'),
(1299, 'Tangcal', 'LAN', '0'),
(1300, 'Tubod', 'LAN', '0'),
(1301, 'Aloran', 'MSC', '0'),
(1302, 'Baliangao', 'MSC', '0'),
(1303, 'Bonifacio', 'MSC', '0'),
(1304, 'Calamba', 'MSC', '0'),
(1305, 'Clarin', 'MSC', '0'),
(1306, 'Concepcion', 'MSC', '0'),
(1307, 'Don Victoriano Chiongbian', 'MSC', '0'),
(1308, 'Jimenez', 'MSC', '0'),
(1309, 'Lopez Jaena', 'MSC', '0'),
(1310, 'Oroquieta', 'MSC', '1'),
(1311, 'Ozamiz', 'MSC', '1'),
(1312, 'Panaon', 'MSC', '0'),
(1313, 'Plaridel', 'MSC', '0'),
(1314, 'Sapang Dalaga', 'MSC', '0'),
(1315, 'Sinacaban', 'MSC', '0'),
(1316, 'Tangub', 'MSC', '1'),
(1317, 'Tudela', 'MSC', '0'),
(1318, 'Alubijid', 'MSR', '0'),
(1319, 'Balingasag', 'MSR', '0'),
(1320, 'Balingoan', 'MSR', '0'),
(1321, 'Binuangan', 'MSR', '0'),
(1322, 'Cagayan de Oro', 'MSR', '1'),
(1323, 'Claveria', 'MSR', '0'),
(1324, 'El Salvador', 'MSR', '1'),
(1325, 'Gingoog', 'MSR', '1'),
(1326, 'Gitagum', 'MSR', '0'),
(1327, 'Initao', 'MSR', '0'),
(1328, 'Jasaan', 'MSR', '0'),
(1329, 'Kinoguitan', 'MSR', '0'),
(1330, 'Lagonglong', 'MSR', '0'),
(1331, 'Laguindingan', 'MSR', '0'),
(1332, 'Libertad', 'MSR', '0'),
(1333, 'Lugait', 'MSR', '0'),
(1334, 'Magsaysay', 'MSR', '0'),
(1335, 'Manticao', 'MSR', '0'),
(1336, 'Medina', 'MSR', '0'),
(1337, 'Naawan', 'MSR', '0'),
(1338, 'Opol', 'MSR', '0'),
(1339, 'Salay', 'MSR', '0'),
(1340, 'Sugbongcogon', 'MSR', '0'),
(1341, 'Tagoloan', 'MSR', '0'),
(1342, 'Talisayan', 'MSR', '0'),
(1343, 'Villanueva', 'MSR', '0'),
(1344, 'Compostela', 'COM', '0'),
(1345, 'Laak', 'COM', '0'),
(1346, 'Mabini', 'COM', '0'),
(1347, 'Maco', 'COM', '0'),
(1348, 'Maragusan', 'COM', '0'),
(1349, 'Mawab', 'COM', '0'),
(1350, 'Monkayo', 'COM', '0'),
(1351, 'Montevista', 'COM', '0'),
(1352, 'Nabunturan', 'COM', '0'),
(1353, 'New Bataan', 'COM', '0'),
(1354, 'Pantukan', 'COM', '0'),
(1355, 'Asuncion', 'DAV', '0'),
(1356, 'Braulio E. Dujali', 'DAV', '0'),
(1357, 'Carmen', 'DAV', '0'),
(1358, 'Kapalong', 'DAV', '0'),
(1359, 'New Corella', 'DAV', '0'),
(1360, 'Panabo', 'DAV', '1'),
(1361, 'Samal', 'DAV', '1'),
(1362, 'San Isidro', 'DAV', '0'),
(1363, 'Santo Tomas', 'DAV', '0'),
(1364, 'Tagum', 'DAV', '1'),
(1365, 'Talaingod', 'DAV', '0'),
(1366, 'Bansalan', 'DAS', '0'),
(1367, 'Davao', 'DAS', '1'),
(1368, 'Digos', 'DAS', '1'),
(1369, 'Hagonoy', 'DAS', '0'),
(1370, 'Kiblawan', 'DAS', '0'),
(1371, 'Magsaysay', 'DAS', '0'),
(1372, 'Malalag', 'DAS', '0'),
(1373, 'Matanao', 'DAS', '0'),
(1374, 'Padada', 'DAS', '0'),
(1375, 'Santa Cruz', 'DAS', '0'),
(1376, 'Sulop', 'DAS', '0'),
(1377, 'Don Marcelino', 'DAC', '0'),
(1378, 'Jose Abad Santos', 'DAC', '0'),
(1379, 'Malita', 'DAC', '0'),
(1380, 'Santa Maria', 'DAC', '0'),
(1381, 'Sarangani', 'DAC', '0'),
(1382, 'Baganga', 'DAO', '0'),
(1383, 'Banaybanay', 'DAO', '0'),
(1384, 'Boston', 'DAO', '0'),
(1385, 'Caraga', 'DAO', '0'),
(1386, 'Cateel', 'DAO', '0'),
(1387, 'Governor Generoso', 'DAO', '0'),
(1388, 'Lupon', 'DAO', '0'),
(1389, 'Manay', 'DAO', '0'),
(1390, 'Mati', 'DAO', '1'),
(1391, 'San Isidro', 'DAO', '0'),
(1392, 'Tarragona', 'DAO', '0'),
(1393, 'Alamada', 'NCO', '0'),
(1394, 'Aleosan', 'NCO', '0'),
(1395, 'Antipas', 'NCO', '0'),
(1396, 'Arakan', 'NCO', '0'),
(1397, 'Banisilan', 'NCO', '0'),
(1398, 'Carmen', 'NCO', '0'),
(1399, 'Kabacan', 'NCO', '0'),
(1400, 'Kidapawan', 'NCO', '1'),
(1401, 'Libungan', 'NCO', '0'),
(1402, 'M\'lang', 'NCO', '0'),
(1403, 'Magpet', 'NCO', '0'),
(1404, 'Makilala', 'NCO', '0'),
(1405, 'Matalam', 'NCO', '0'),
(1406, 'Midsayap', 'NCO', '0'),
(1407, 'Pigcawayan', 'NCO', '0'),
(1408, 'Pikit', 'NCO', '0'),
(1409, 'President Roxas', 'NCO', '0'),
(1410, 'Tulunan', 'NCO', '0'),
(1411, 'Alabel', 'SAR', '0'),
(1412, 'Glan', 'SAR', '0'),
(1413, 'Kiamba', 'SAR', '0'),
(1414, 'Maasim', 'SAR', '0'),
(1415, 'Maitum', 'SAR', '0'),
(1416, 'Malapatan', 'SAR', '0'),
(1417, 'Malungon', 'SAR', '0'),
(1418, 'Banga', 'SCO', '0'),
(1419, 'General Santos', 'SCO', '1'),
(1420, 'Koronadal', 'SCO', '1'),
(1421, 'Lake Sebu', 'SCO', '0'),
(1422, 'Norala', 'SCO', '0'),
(1423, 'Polomolok', 'SCO', '0'),
(1424, 'Santo Niño', 'SCO', '0'),
(1425, 'Surallah', 'SCO', '0'),
(1426, 'T\'boli', 'SCO', '0'),
(1427, 'Tampakan', 'SCO', '0'),
(1428, 'Tantangan', 'SCO', '0'),
(1429, 'Tupi', 'SCO', '0'),
(1430, 'Bagumbayan', 'SUK', '0'),
(1431, 'Columbio', 'SUK', '0'),
(1432, 'Esperanza', 'SUK', '0'),
(1433, 'Isulan', 'SUK', '0'),
(1434, 'Kalamansig', 'SUK', '0'),
(1435, 'Lambayong', 'SUK', '0'),
(1436, 'Lebak', 'SUK', '0'),
(1437, 'Lutayan', 'SUK', '0'),
(1438, 'Palimbang', 'SUK', '0'),
(1439, 'President Quirino', 'SUK', '0'),
(1440, 'Senator Ninoy Aquino', 'SUK', '0'),
(1441, 'Tacurong', 'SUK', '1'),
(1442, 'Buenavista', 'AGN', '0'),
(1443, 'Butuan', 'AGN', '1'),
(1444, 'Cabadbaran', 'AGN', '1'),
(1445, 'Carmen', 'AGN', '0'),
(1446, 'Jabonga', 'AGN', '0'),
(1447, 'Kitcharao', 'AGN', '0'),
(1448, 'Las Nieves', 'AGN', '0'),
(1449, 'Magallanes', 'AGN', '0'),
(1450, 'Nasipit', 'AGN', '0'),
(1451, 'Remedios T. Romualdez', 'AGN', '0'),
(1452, 'Santiago', 'AGN', '0'),
(1453, 'Tubay', 'AGN', '0'),
(1454, 'Bayugan', 'AGS', '1'),
(1455, 'Bunawan', 'AGS', '0'),
(1456, 'Esperanza', 'AGS', '0'),
(1457, 'La Paz', 'AGS', '0'),
(1458, 'Loreto', 'AGS', '0'),
(1459, 'Prosperidad', 'AGS', '0'),
(1460, 'Rosario', 'AGS', '0'),
(1461, 'San Francisco', 'AGS', '0'),
(1462, 'San Luis', 'AGS', '0'),
(1463, 'Santa Josefa', 'AGS', '0'),
(1464, 'Sibagat', 'AGS', '0'),
(1465, 'Talacogon', 'AGS', '0'),
(1466, 'Trento', 'AGS', '0'),
(1467, 'Veruela', 'AGS', '0'),
(1468, 'Basilisa', 'DIN', '0'),
(1469, 'Cagdianao', 'DIN', '0'),
(1470, 'Dinagat', 'DIN', '0'),
(1471, 'Libjo', 'DIN', '0'),
(1472, 'Loreto', 'DIN', '0'),
(1473, 'San Jose', 'DIN', '0'),
(1474, 'Tubajon', 'DIN', '0'),
(1475, 'Alegria', 'SUN', '0'),
(1476, 'Bacuag', 'SUN', '0'),
(1477, 'Burgos', 'SUN', '0'),
(1478, 'Claver', 'SUN', '0'),
(1479, 'Dapa', 'SUN', '0'),
(1480, 'Del Carmen', 'SUN', '0'),
(1481, 'General Luna', 'SUN', '0'),
(1482, 'Gigaquit', 'SUN', '0'),
(1483, 'Mainit', 'SUN', '0'),
(1484, 'Malimono', 'SUN', '0'),
(1485, 'Pilar', 'SUN', '0'),
(1486, 'Placer', 'SUN', '0'),
(1487, 'San Benito', 'SUN', '0'),
(1488, 'San Francisco', 'SUN', '0'),
(1489, 'San Isidro', 'SUN', '0'),
(1490, 'Santa Monica', 'SUN', '0'),
(1491, 'Sison', 'SUN', '0'),
(1492, 'Socorro', 'SUN', '0'),
(1493, 'Surigao', 'SUN', '1'),
(1494, 'Tagana-an', 'SUN', '0'),
(1495, 'Tubod', 'SUN', '0'),
(1496, 'Barobo', 'SUR', '0'),
(1497, 'Bayabas', 'SUR', '0'),
(1498, 'Bislig', 'SUR', '1'),
(1499, 'Cagwait', 'SUR', '0'),
(1500, 'Cantilan', 'SUR', '0'),
(1501, 'Carmen', 'SUR', '0'),
(1502, 'Carrascal', 'SUR', '0'),
(1503, 'Cortes', 'SUR', '0'),
(1504, 'Hinatuan', 'SUR', '0'),
(1505, 'Lanuza', 'SUR', '0'),
(1506, 'Lianga', 'SUR', '0'),
(1507, 'Lingig', 'SUR', '0'),
(1508, 'Madrid', 'SUR', '0'),
(1509, 'Marihatag', 'SUR', '0'),
(1510, 'San Agustin', 'SUR', '0'),
(1511, 'San Miguel', 'SUR', '0'),
(1512, 'Tagbina', 'SUR', '0'),
(1513, 'Tago', 'SUR', '0'),
(1514, 'Tandag', 'SUR', '1'),
(1515, 'Akbar', 'BAS', '0'),
(1516, 'Al-Barka', 'BAS', '0'),
(1517, 'Hadji Mohammad Ajul', 'BAS', '0'),
(1518, 'Hadji Muhtamad', 'BAS', '0'),
(1519, 'Isabela', 'BAS', '1'),
(1520, 'Lamitan', 'BAS', '1'),
(1521, 'Lantawan', 'BAS', '0'),
(1522, 'Maluso', 'BAS', '0'),
(1523, 'Sumisip', 'BAS', '0'),
(1524, 'Tabuan-Lasa', 'BAS', '0'),
(1525, 'Tipo-Tipo', 'BAS', '0'),
(1526, 'Tuburan', 'BAS', '0'),
(1527, 'Ungkaya Pukan', 'BAS', '0'),
(1528, 'Bacolod-Kalawi', 'LAS', '0'),
(1529, 'Balabagan', 'LAS', '0'),
(1530, 'Balindong', 'LAS', '0'),
(1531, 'Bayang', 'LAS', '0'),
(1532, 'Binidayan', 'LAS', '0'),
(1533, 'Buadiposo-Buntong', 'LAS', '0'),
(1534, 'Bubong', 'LAS', '0'),
(1535, 'Bumbaran', 'LAS', '0'),
(1536, 'Butig', 'LAS', '0'),
(1537, 'Calanogas', 'LAS', '0'),
(1538, 'Ditsaan-Ramain', 'LAS', '0'),
(1539, 'Ganassi', 'LAS', '0'),
(1540, 'Kapai', 'LAS', '0'),
(1541, 'Kapatagan', 'LAS', '0'),
(1542, 'Lumba-Bayabao', 'LAS', '0'),
(1543, 'Lumbaca-Unayan', 'LAS', '0'),
(1544, 'Lumbatan', 'LAS', '0'),
(1545, 'Lumbayanague', 'LAS', '0'),
(1546, 'Madalum', 'LAS', '0'),
(1547, 'Madamba', 'LAS', '0'),
(1548, 'Maguing', 'LAS', '0'),
(1549, 'Malabang', 'LAS', '0'),
(1550, 'Marantao', 'LAS', '0'),
(1551, 'Marawi', 'LAS', '1'),
(1552, 'Marogong', 'LAS', '0'),
(1553, 'Masiu', 'LAS', '0'),
(1554, 'Mulondo', 'LAS', '0'),
(1555, 'Pagayawan', 'LAS', '0'),
(1556, 'Piagapo', 'LAS', '0'),
(1557, 'Poona Bayabao', 'LAS', '0'),
(1558, 'Pualas', 'LAS', '0'),
(1559, 'Saguiaran', 'LAS', '0'),
(1560, 'Sultan Dumalondong', 'LAS', '0'),
(1561, 'Picong', 'LAS', '0'),
(1562, 'Tagoloan II', 'LAS', '0'),
(1563, 'Tamparan', 'LAS', '0'),
(1564, 'Taraka', 'LAS', '0'),
(1565, 'Tubaran', 'LAS', '0'),
(1566, 'Tugaya', 'LAS', '0'),
(1567, 'Wao', 'LAS', '0'),
(1568, 'Ampatuan', 'MAG', '0'),
(1569, 'Barira', 'MAG', '0'),
(1570, 'Buldon', 'MAG', '0'),
(1571, 'Buluan', 'MAG', '0'),
(1572, 'Cotabato', 'MAG', '1'),
(1573, 'Datu Abdullah Sangki', 'MAG', '0'),
(1574, 'Datu Anggal Midtimbang', 'MAG', '0'),
(1575, 'Datu Blah T. Sinsuat', 'MAG', '0'),
(1576, 'Datu Hoffer Ampatuan', 'MAG', '0'),
(1577, 'Datu Montawal', 'MAG', '0'),
(1578, 'Datu Odin Sinsuat', 'MAG', '0'),
(1579, 'Datu Paglas', 'MAG', '0'),
(1580, 'Datu Piang', 'MAG', '0'),
(1581, 'Datu Salibo', 'MAG', '0'),
(1582, 'Datu Saudi-Ampatuan', 'MAG', '0'),
(1583, 'Datu Unsay', 'MAG', '0'),
(1584, 'General Salipada K. Pendatun', 'MAG', '0'),
(1585, 'Guindulungan', 'MAG', '0'),
(1586, 'Kabuntalan', 'MAG', '0'),
(1587, 'Mamasapano', 'MAG', '0'),
(1588, 'Mangudadatu', 'MAG', '0'),
(1589, 'Matanog', 'MAG', '0'),
(1590, 'Northern Kabuntalan', 'MAG', '0'),
(1591, 'Pagalungan', 'MAG', '0'),
(1592, 'Paglat', 'MAG', '0'),
(1593, 'Pandag', 'MAG', '0'),
(1594, 'Parang', 'MAG', '0'),
(1595, 'Rajah Buayan', 'MAG', '0'),
(1596, 'Shariff Aguak', 'MAG', '0'),
(1597, 'Shariff Saydona Mustapha', 'MAG', '0'),
(1598, 'South Upi', 'MAG', '0'),
(1599, 'Sultan Kudarat', 'MAG', '0'),
(1600, 'Sultan Mastura', 'MAG', '0'),
(1601, 'Sultan sa Barongis', 'MAG', '0'),
(1602, 'Sultan Sumagka', 'MAG', '0'),
(1603, 'Talayan', 'MAG', '0'),
(1604, 'Upi', 'MAG', '0'),
(1605, 'Banguingui', 'SLU', '0'),
(1606, 'Hadji Panglima Tahil', 'SLU', '0'),
(1607, 'Indanan', 'SLU', '0'),
(1608, 'Jolo', 'SLU', '0'),
(1609, 'Kalingalan Caluang', 'SLU', '0'),
(1610, 'Lugus', 'SLU', '0'),
(1611, 'Luuk', 'SLU', '0'),
(1612, 'Maimbung', 'SLU', '0'),
(1613, 'Old Panamao', 'SLU', '0'),
(1614, 'Omar', 'SLU', '0'),
(1615, 'Pandami', 'SLU', '0'),
(1616, 'Panglima Estino', 'SLU', '0'),
(1617, 'Pangutaran', 'SLU', '0'),
(1618, 'Parang', 'SLU', '0'),
(1619, 'Pata', 'SLU', '0'),
(1620, 'Patikul', 'SLU', '0'),
(1621, 'Siasi', 'SLU', '0'),
(1622, 'Talipao', 'SLU', '0'),
(1623, 'Tapul', 'SLU', '0'),
(1624, 'Bongao', 'TAW', '0'),
(1625, 'Languyan', 'TAW', '0'),
(1626, 'Mapun', 'TAW', '0'),
(1627, 'Panglima Sugala', 'TAW', '0'),
(1628, 'Sapa-Sapa', 'TAW', '0'),
(1629, 'Sibutu', 'TAW', '0'),
(1630, 'Simunul', 'TAW', '0'),
(1631, 'Sitangkai', 'TAW', '0'),
(1632, 'South Ubian', 'TAW', '0'),
(1633, 'Tandubas', 'TAW', '0'),
(1634, 'Turtle Islands', 'TAW', '0');

-- --------------------------------------------------------

--
-- Table structure for table `division`
--

CREATE TABLE `division` (
  `id` int(11) NOT NULL,
  `name` varchar(300) NOT NULL,
  `is_active` int(1) NOT NULL DEFAULT 1,
  `created_at` datetime NOT NULL DEFAULT current_timestamp(),
  `updated_at` datetime NOT NULL DEFAULT '0000-00-00 00:00:00' ON UPDATE current_timestamp(),
  `deleted_at` datetime NOT NULL
) ENGINE=InnoDB DEFAULT CHARSET=latin1;

--
-- Dumping data for table `division`
--

INSERT INTO `division` (`id`, `name`, `is_active`, `created_at`, `updated_at`, `deleted_at`) VALUES
(1, 'Dost', 0, '2020-07-20 15:01:44', '0000-00-00 00:00:00', '0000-00-00 00:00:00'),
(2, 'DFA', 1, '2020-07-20 15:04:54', '0000-00-00 00:00:00', '0000-00-00 00:00:00'),
(3, 'DepEd', 1, '2020-07-20 15:43:36', '0000-00-00 00:00:00', '0000-00-00 00:00:00');

-- --------------------------------------------------------

--
-- Table structure for table `feedbacks`
--

CREATE TABLE `feedbacks` (
  `id` int(11) NOT NULL,
  `pin_code` varchar(300) NOT NULL,
  `overall_experience` int(1) NOT NULL COMMENT '3 = good, 2 = okay, 1 = bad',
  `feedback` longtext NOT NULL,
  `created_at` datetime NOT NULL DEFAULT current_timestamp(),
  `updated_at` datetime NOT NULL DEFAULT '0000-00-00 00:00:00' ON UPDATE current_timestamp(),
  `deleted_at` datetime NOT NULL
) ENGINE=InnoDB DEFAULT CHARSET=latin1;

--
-- Dumping data for table `feedbacks`
--

INSERT INTO `feedbacks` (`id`, `pin_code`, `overall_experience`, `feedback`, `created_at`, `updated_at`, `deleted_at`) VALUES
(1, 'zXc12365gfd123asd', 2, 'Lorem ipsum dolor sit amet, consecteturdipisicing elit, sed do eiusmodtempor incididunt ut labore et dolore magna aliqua. Ut enim ad minim veniam,quis nostrud exercitation ullamco laboris nisi ut aliquip ex ea commodoconsequat. Duis aute irure dolor in reprehenderit in voluptate velit essecillum dolore eu fugiat nulla pariatur. Excepteur sint occaecat cupidatat nonproident, sunt in culpa qui officia deserunt mollit anim id est laborum.', '2020-07-24 11:31:41', '0000-00-00 00:00:00', '0000-00-00 00:00:00'),
(2, 'zXc12365gfd1', 2, 'Lorem ipsum dolor sit amet, consecteturdipisicing elit, sed do eiusmodtempor incididunt ut labore et dolore magna aliqua. Ut enim ad minim veniam,quis nostrud exercitation ullamco laboris nisi ut aliquip ex ea commodoconsequat. Duis aute irure dolor in reprehenderit in voluptate velit essecillum dolore eu fugiat nulla pariatur. Excepteur sint occaecat cupidatat nonproident, sunt in culpa qui officia deserunt mollit anim id est laborum.', '2020-07-24 12:13:36', '0000-00-00 00:00:00', '0000-00-00 00:00:00');

-- --------------------------------------------------------

--
-- Table structure for table `guest_visitors`
--

CREATE TABLE `guest_visitors` (
  `id` int(11) NOT NULL,
  `fullname` varchar(300) NOT NULL,
  `agency` int(11) NOT NULL,
  `attached_agency` int(11) NOT NULL,
  `email_address` varchar(300) NOT NULL,
  `is_have_ecopy` int(1) NOT NULL DEFAULT 1,
  `photo` varchar(300) NOT NULL COMMENT 'filename only',
  `division_to_visit` int(11) NOT NULL,
  `purpose` int(11) NOT NULL,
  `person_to_visit` int(11) NOT NULL,
  `temperature` varchar(300) NOT NULL,
  `place_of_origin` varchar(300) NOT NULL,
  `mobile_number` varchar(300) NOT NULL,
  `health_condition` varchar(300) NOT NULL,
  `pin_code` varchar(300) NOT NULL,
  `created_at` datetime NOT NULL DEFAULT current_timestamp(),
  `updated_at` datetime NOT NULL DEFAULT '0000-00-00 00:00:00' ON UPDATE current_timestamp(),
  `deleted_at` datetime NOT NULL
) ENGINE=InnoDB DEFAULT CHARSET=latin1;

--
-- Dumping data for table `guest_visitors`
--

INSERT INTO `guest_visitors` (`id`, `fullname`, `agency`, `attached_agency`, `email_address`, `is_have_ecopy`, `photo`, `division_to_visit`, `purpose`, `person_to_visit`, `temperature`, `place_of_origin`, `mobile_number`, `health_condition`, `pin_code`, `created_at`, `updated_at`, `deleted_at`) VALUES
(1, 'Elline Ocampo', 2, 1, 'edocampo@myoptimind.com', 1, '1-1595320977_5400290-polaroid-polaroid-frame-png-polaroid-template-marco-polaroid-polaroid-picture-frame-png-820_685_preview.jpg', 3, 1, 1, '36.5', 'San Mateo, Rizal', '09497912581', 'Normal', 'zXc12365gfdz123', '2020-07-21 12:42:57', '2020-07-23 09:57:57', '0000-00-00 00:00:00'),
(2, 'Diane Ocampo', 2, 1, 'edocampo@myoptimind.com', 1, '2-1595485349_5400290-polaroid-polaroid-frame-png-polaroid-template-marco-polaroid-polaroid-picture-frame-png-820_685_preview.jpg', 1, 1, 2, '36.5', 'San Mateo, Rizal', '09497912581', 'Normal', 'zXc12365gfd', '2020-07-23 10:22:29', '2020-07-24 11:50:30', '0000-00-00 00:00:00'),
(3, 'Diane Ocampo', 2, 1, 'edocampo@myoptimind.com', 1, '3-1595489887_5400290-polaroid-polaroid-frame-png-polaroid-template-marco-polaroid-polaroid-picture-frame-png-820_685_preview.jpg', 1, 2, 2, '36.5', 'Quezon City', '09497912581', 'Normal', 'zXc12365gfd123asd', '2020-07-23 11:38:07', '2020-07-24 11:50:32', '0000-00-00 00:00:00');

-- --------------------------------------------------------

--
-- Table structure for table `provinces`
--

CREATE TABLE `provinces` (
  `id` int(11) NOT NULL,
  `name` varchar(100) NOT NULL,
  `region` varchar(100) NOT NULL,
  `key_abbr` varchar(31) NOT NULL
) ENGINE=InnoDB DEFAULT CHARSET=latin1;

--
-- Dumping data for table `provinces`
--

INSERT INTO `provinces` (`id`, `name`, `region`, `key_abbr`) VALUES
(1, 'Metro Manila', 'NCR', 'MM'),
(2, 'Abra', 'CAR', 'ABR'),
(3, 'Apayao', 'CAR', 'APA'),
(4, 'Benguet', 'CAR', 'BEN'),
(5, 'Ifugao', 'CAR', 'IFU'),
(6, 'Kalinga', 'CAR', 'KAL'),
(7, 'Mountain Province', 'CAR', 'MOU'),
(8, 'Ilocos Norte', 'I', 'ILN'),
(9, 'Ilocos Sur', 'I', 'ILS'),
(10, 'La Union', 'I', 'LUN'),
(11, 'Pangasinan', 'I', 'PAN'),
(12, 'Batanes', 'II', 'BTN'),
(13, 'Cagayan', 'II', 'CAG'),
(14, 'Isabela', 'II', 'ISA'),
(15, 'Nueva Vizcaya', 'II', 'NUV'),
(16, 'Quirino', 'II', 'QUI'),
(17, 'Aurora', 'III', 'AUR'),
(18, 'Bataan', 'III', 'BAN'),
(19, 'Bulacan', 'III', 'BUL'),
(20, 'Nueva Ecija', 'III', 'NUE'),
(21, 'Pampanga', 'III', 'PAM'),
(22, 'Tarlac', 'III', 'TAR'),
(23, 'Zambales', 'III', 'ZMB'),
(24, 'Batangas', 'IV-A', 'BTG'),
(25, 'Cavite', 'IV-A', 'CAV'),
(26, 'Laguna', 'IV-A', 'LAG'),
(27, 'Quezon', 'IV-A', 'QUE'),
(28, 'Rizal', 'IV-A', 'RIZ'),
(29, 'Marinduque', 'IV-B', 'MAD'),
(30, 'Occidental Mindoro', 'IV-B', 'MDC'),
(31, 'Oriental Mindoro', 'IV-B', 'MDR'),
(32, 'Palawan', 'IV-B', 'PLW'),
(33, 'Romblon', 'IV-B', 'ROM'),
(34, 'Albay', 'V', 'ALB'),
(35, 'Camarines Norte', 'V', 'CAN'),
(36, 'Camarines Sur', 'V', 'CAS'),
(37, 'Catanduanes', 'V', 'CAT'),
(38, 'Masbate', 'V', 'MAS'),
(39, 'Sorsogon', 'V', 'SOR'),
(40, 'Aklan', 'VI', 'AKL'),
(41, 'Antique', 'VI', 'ANT'),
(42, 'Capiz', 'VI', 'CAP'),
(43, 'Guimaras', 'VI', 'GUI'),
(44, 'Iloilo', 'VI', 'ILI'),
(45, 'Negros Occidental', 'VI', 'NEC'),
(46, 'Bohol', 'VII', 'BOH'),
(47, 'Cebu', 'VII', 'CEB'),
(48, 'Negros Oriental', 'VII', 'NER'),
(49, 'Siquijor', 'VII', 'SIG'),
(50, 'Biliran', 'VIII', 'BIL'),
(51, 'Eastern Samar', 'VIII', 'EAS'),
(52, 'Leyte', 'VIII', 'LEY'),
(53, 'Northern Samar', 'VIII', 'NSA'),
(54, 'Samar', 'VIII', 'WSA'),
(55, 'Southern Leyte', 'VIII', 'SLE'),
(56, 'Zamboanga del Norte', 'IX', 'ZAN'),
(57, 'Zamboanga del Sur', 'IX', 'ZAS'),
(58, 'Zamboanga Sibugay', 'IX', 'ZSI'),
(59, 'Bukidnon', 'X', 'BUK'),
(60, 'Camiguin', 'X', 'CAM'),
(61, 'Lanao del Norte', 'X', 'LAN'),
(62, 'Misamis Occidental', 'X', 'MSC'),
(63, 'Misamis Oriental', 'X', 'MSR'),
(64, 'Compostela Valley', 'XI', 'COM'),
(65, 'Davao del Norte', 'XI', 'DAV'),
(66, 'Davao del Sur', 'XI', 'DAS'),
(67, 'Davao Occidental', 'XI', 'DAC'),
(68, 'Davao Oriental', 'XI', 'DAO'),
(69, 'Cotabato', 'XII', 'NCO'),
(70, 'Sarangani', 'XII', 'SAR'),
(71, 'South Cotabato', 'XII', 'SCO'),
(72, 'Sultan Kudarat', 'XII', 'SUK'),
(73, 'Agusan del Norte', 'XIII', 'AGN'),
(74, 'Agusan del Sur', 'XIII', 'AGS'),
(75, 'Dinagat Islands', 'XIII', 'DIN'),
(76, 'Surigao del Norte', 'XIII', 'SUN'),
(77, 'Surigao del Sur', 'XIII', 'SUR'),
(78, 'Basilan', 'ARMM', 'BAS'),
(79, 'Lanao del Sur', 'ARMM', 'LAS'),
(80, 'Maguindanao', 'ARMM', 'MAG'),
(81, 'Sulu', 'ARMM', 'SLU'),
(82, 'Tawi-tawi', 'ARMM', 'TAW');

-- --------------------------------------------------------

--
-- Table structure for table `services`
--

CREATE TABLE `services` (
  `id` int(11) NOT NULL,
  `name` varchar(300) NOT NULL,
  `is_active` int(1) NOT NULL DEFAULT 1,
  `created_at` datetime NOT NULL DEFAULT current_timestamp(),
  `updated_at` datetime NOT NULL DEFAULT '0000-00-00 00:00:00' ON UPDATE current_timestamp(),
  `deleted_at` datetime NOT NULL
) ENGINE=InnoDB DEFAULT CHARSET=latin1;

--
-- Dumping data for table `services`
--

INSERT INTO `services` (`id`, `name`, `is_active`, `created_at`, `updated_at`, `deleted_at`) VALUES
(1, 'Meeting', 1, '2020-07-23 09:03:33', '0000-00-00 00:00:00', '0000-00-00 00:00:00'),
(2, 'Visit', 1, '2020-07-23 09:03:42', '0000-00-00 00:00:00', '0000-00-00 00:00:00');

-- --------------------------------------------------------

--
-- Table structure for table `staffs`
--

CREATE TABLE `staffs` (
  `id` int(11) NOT NULL,
  `fullname` varchar(300) NOT NULL,
  `email_address` varchar(300) NOT NULL,
  `division_id` int(11) NOT NULL,
  `is_active` int(1) NOT NULL DEFAULT 0,
  `created_at` datetime NOT NULL DEFAULT current_timestamp(),
  `updated_at` datetime DEFAULT NULL ON UPDATE current_timestamp(),
  `deleted_at` datetime NOT NULL
) ENGINE=InnoDB DEFAULT CHARSET=latin1;

--
-- Dumping data for table `staffs`
--

INSERT INTO `staffs` (`id`, `fullname`, `email_address`, `division_id`, `is_active`, `created_at`, `updated_at`, `deleted_at`) VALUES
(1, 'Lorenzo Salamante', 'enzo@enzo.com', 1, 1, '2020-07-21 11:55:58', '2020-07-24 12:12:43', '0000-00-00 00:00:00'),
(2, 'Diane Ocampo', 'diane@diane.com', 1, 1, '2020-07-23 07:25:59', '2020-07-24 12:12:49', '0000-00-00 00:00:00'),
(3, 'Abigail Emerson', '', 3, 1, '2020-07-24 07:51:06', '2020-07-24 07:57:11', '0000-00-00 00:00:00'),
(4, 'Prescott Kelly', '', 2, 1, '2020-07-24 07:52:13', '0000-00-00 00:00:00', '0000-00-00 00:00:00'),
(5, 'Vaughan Nash', '', 3, 1, '2020-07-24 07:52:28', '0000-00-00 00:00:00', '0000-00-00 00:00:00'),
(6, 'Lareina Dean', '', 2, 1, '2020-07-24 07:52:31', '0000-00-00 00:00:00', '0000-00-00 00:00:00'),
(7, 'Vivien Cervantes', '', 2, 1, '2020-07-24 07:52:34', '0000-00-00 00:00:00', '0000-00-00 00:00:00'),
(8, 'Dustin Carpenter', '', 3, 1, '2020-07-24 07:52:37', '0000-00-00 00:00:00', '0000-00-00 00:00:00'),
(9, 'Wayne Ashley', '', 3, 0, '2020-07-24 07:55:00', '2020-07-24 07:57:17', '0000-00-00 00:00:00'),
(10, 'Tiger Gaines', '', 2, 1, '2020-07-24 08:04:58', '0000-00-00 00:00:00', '0000-00-00 00:00:00'),
(11, 'Yen Kline', '', 3, 1, '2020-07-24 08:05:00', '0000-00-00 00:00:00', '0000-00-00 00:00:00'),
(12, 'Charissa Harrington', '', 3, 1, '2020-07-24 08:05:33', '0000-00-00 00:00:00', '0000-00-00 00:00:00'),
(13, 'Isabelle Hays', '', 2, 1, '2020-07-24 08:05:35', '0000-00-00 00:00:00', '0000-00-00 00:00:00'),
(14, 'Kylan Powell', '', 3, 1, '2020-07-24 08:05:36', '0000-00-00 00:00:00', '0000-00-00 00:00:00'),
(15, 'Wing Kent', '', 2, 1, '2020-07-24 08:05:38', '0000-00-00 00:00:00', '0000-00-00 00:00:00'),
(16, 'Rinah Dalton', '', 2, 1, '2020-07-24 08:05:40', '0000-00-00 00:00:00', '0000-00-00 00:00:00'),
(17, 'Leo Conley', '', 2, 1, '2020-07-24 08:05:42', '0000-00-00 00:00:00', '0000-00-00 00:00:00');

--
-- Indexes for dumped tables
--

--
-- Indexes for table `admin`
--
ALTER TABLE `admin`
  ADD PRIMARY KEY (`id`);

--
-- Indexes for table `agency`
--
ALTER TABLE `agency`
  ADD PRIMARY KEY (`id`);

--
-- Indexes for table `cesbie_visitors`
--
ALTER TABLE `cesbie_visitors`
  ADD PRIMARY KEY (`id`);

--
-- Indexes for table `cities`
--
ALTER TABLE `cities`
  ADD PRIMARY KEY (`id`);

--
-- Indexes for table `division`
--
ALTER TABLE `division`
  ADD PRIMARY KEY (`id`);

--
-- Indexes for table `feedbacks`
--
ALTER TABLE `feedbacks`
  ADD PRIMARY KEY (`id`);

--
-- Indexes for table `guest_visitors`
--
ALTER TABLE `guest_visitors`
  ADD PRIMARY KEY (`id`);

--
-- Indexes for table `provinces`
--
ALTER TABLE `provinces`
  ADD PRIMARY KEY (`id`);

--
-- Indexes for table `services`
--
ALTER TABLE `services`
  ADD PRIMARY KEY (`id`);

--
-- Indexes for table `staffs`
--
ALTER TABLE `staffs`
  ADD PRIMARY KEY (`id`);

--
-- AUTO_INCREMENT for dumped tables
--

--
-- AUTO_INCREMENT for table `admin`
--
ALTER TABLE `admin`
  MODIFY `id` int(9) NOT NULL AUTO_INCREMENT, AUTO_INCREMENT=4;

--
-- AUTO_INCREMENT for table `agency`
--
ALTER TABLE `agency`
  MODIFY `id` int(11) NOT NULL AUTO_INCREMENT, AUTO_INCREMENT=4;

--
-- AUTO_INCREMENT for table `cesbie_visitors`
--
ALTER TABLE `cesbie_visitors`
  MODIFY `id` int(11) NOT NULL AUTO_INCREMENT, AUTO_INCREMENT=15;

--
-- AUTO_INCREMENT for table `cities`
--
ALTER TABLE `cities`
  MODIFY `id` int(11) NOT NULL AUTO_INCREMENT, AUTO_INCREMENT=1635;

--
-- AUTO_INCREMENT for table `division`
--
ALTER TABLE `division`
  MODIFY `id` int(11) NOT NULL AUTO_INCREMENT, AUTO_INCREMENT=4;

--
-- AUTO_INCREMENT for table `feedbacks`
--
ALTER TABLE `feedbacks`
  MODIFY `id` int(11) NOT NULL AUTO_INCREMENT, AUTO_INCREMENT=3;

--
-- AUTO_INCREMENT for table `guest_visitors`
--
ALTER TABLE `guest_visitors`
  MODIFY `id` int(11) NOT NULL AUTO_INCREMENT, AUTO_INCREMENT=4;

--
-- AUTO_INCREMENT for table `provinces`
--
ALTER TABLE `provinces`
  MODIFY `id` int(11) NOT NULL AUTO_INCREMENT, AUTO_INCREMENT=83;

--
-- AUTO_INCREMENT for table `services`
--
ALTER TABLE `services`
  MODIFY `id` int(11) NOT NULL AUTO_INCREMENT, AUTO_INCREMENT=3;

--
-- AUTO_INCREMENT for table `staffs`
--
ALTER TABLE `staffs`
  MODIFY `id` int(11) NOT NULL AUTO_INCREMENT, AUTO_INCREMENT=18;
COMMIT;

/*!40101 SET CHARACTER_SET_CLIENT=@OLD_CHARACTER_SET_CLIENT */;
/*!40101 SET CHARACTER_SET_RESULTS=@OLD_CHARACTER_SET_RESULTS */;
/*!40101 SET COLLATION_CONNECTION=@OLD_COLLATION_CONNECTION */;
